left_skid,right_skid,cosine_similarity,left_name
9808022,15658013,0.0,MN-L-Sens-B2-AVp-01
16595001,21591033,0.0,BLP12 local descending twig 2 left
15675901,15615877,0.0,MN-L-Sens-B2-VM-22
4467735,4102120,0.0,v'esA or v'esB or v'es2[1][2]_a1l (pair 4)
15677030,15656435,0.0,MN-L-Sens-B2-VM-05
12704772,12683525,0.0,A03a3_a1l (pre dMNs) 
15686512,15615081,0.0,MN-L-Sens-B2-ACp-14
17015609,8790590,0.0,T19f_t2l
15690392,15615305,0.0,MN-L-Sens-B2-VM-11
8055671,5448622,0.0,MN-L-Sens-B1-ACpl-01
9820270,15574328,0.0,AN-L-Sens-B1-AVa-29
2964760,10855798,0.0,DPLd C neuron left
15712024,15620606,0.0,MN-L-Sens-B2-VM-13
2652641,12882179,0.0,BLVa_t hook 2 left
15724175,15640724,0.0,MN-L-Sens-B3-VM-11
17728723,13084891,0.0,lasso-top left
15673925,15615776,0.0,MN-L-Sens-B2-ACpl-03
15728017,15640567,0.0,MN-L-Sens-B3-VM-13
15673867,15651438,0.0,MN-L-Sens-B2-ACp-22
16278807,16014834,0.0,A30x2/Drunken_a1l
3926669,3727026,0.0,CRZ 1 left
16434824,17355860,0.0,BAla34 ascending 3 left
16431065,17587710,0.0,BAla34 large span neuron left
11756023,20344845,0.0,BLP12 descending 2 left; dpn_left_1304_13
11736972,15595823,0.0,MN-L-Sens-B2-ACp-15
12260696,15615589,0.0,MN-L-Sens-B2-ACp-06
11717045,21590978,0.0,BLP12 hook 5 left; dpn_left_1304_9
11717035,21591317,0.0,BLP12 not great pair hook left; dpn_left_1304_12
11717025,8413543,0.0,BLP12 descending 4 left; dpn_left_1304_7
17933822,3163105,0.0,BLVa12 tripartite left
11717020,8954310,0.0,BLP12 gripper 4 left; dpn_left_1304_3
18934019,15609885,0.0,MN-L-Sens-B2-ACp-17
16303262,7627878,0.0,v'td_a1l 
4338596,15652529,0.0,MN-L-Sens-B2-ACp-01
17827011,17654973,0.0,BLP12 hook 7 left; ASB Handover
16272893,16268751,0.0,A03 ipsilateral local_a1l
5186461,9853425,0.0,AN-L-Sens-B3-ACp-09 (gustatory pheromone neuron)
12073881,12253020,0.0,MN-L-Sens-B2-ACp-16
1432836,15564782,0.0,AN-L-Sens-B1-AVa-18
15769680,15575327,0.0,AN-L-Sens-B1-AVa-19
1428271,15572414,0.0,AN-L-Sens-B1-AVa-22
1419315,15575232,0.0,AN-L-Sens-B1-AVa-31
1415168,945309,0.0,AN-L-Sens-B1-AVa-26
1414206,15564807,0.0,AN-L-Sens-B1-AVa-16
1405493,15548694,0.0,AN-L-Sens-B1-ACa-09
10110270,3786734,0.0,v'ada_a1l
10378182,16713231,0.0,PVM21?_left
1375101,6883831,0.0,AN-L-Sens-B1-AVa-17
15998307,15573283,0.0,AN-L-Sens-B2-ACp-10
1435466,15546924,0.0,AN-L-Sens-B1-AVa-21
14046464,14046472,0.0,A12b?_a1l
1351125,15564911,0.0,AN-L-Sens-B1-AVa-40
15995861,15445198,0.0,AN-L-Sens-B2-VM-08
5606265,19718010,0.0,A09 (ASB SOG-LH Dense Core)_a1l
1011675,15541944,0.0,AN-L-Sens-B2-ACp-02
17360076,15655801,0.0,DPlal simple bilateral e left
16531827,16042066,0.0015421616903271707,A03 (upstream of A08m)_a1l
12042425,4728120,0.002653873980410393,Saaghi-6_a1l (AAZ6  (A06b))
16547287,5167842,0.004438530344094249,BAmv12 looper 3 left
1347886,7160160,0.013686756651532517,AN-L-Sens-B2-AVp-01
15730645,15914721,0.018983159915049952,MN-L-Sens-B3-VM-05
3926438,3727004,0.019825056825175214,CRZ 2 left
15669682,17658672,0.020632815353005762,BLVp1 hook 3 left
7769237,4219827,0.027277236279499073,A01k_a1l
11717040,21590962,0.028977731120885752,BLP12 gripper 3 left; dpn_left_1304_10
17423125,5559657,0.03596185724968759,BAmas12 midline neuron 4 left
14723506,17850822,0.03840232127713128,BAlp4 ascending 4 left
7476468,3762787,0.0538369005602124,CRZ 3 left
12500843,13242336,0.059866198902840284,BAla12 ascending 2 left
9835169,9503203,0.06415002990995844,v'td_a4l (Abdominal Sensory)
3652587,3822523,0.07258583814244268,AN-L-Sens-B3-ACp-08
7944660,5584761,0.07919849388524858,A09 contra LN_a1l
11717014,21591037,0.09046625460638014,BLP12 gripper 2 left; dpn_left_1304_4
17356450,17355872,0.09065066569047897,BAla34 ventral cluster 2 left
17464168,8641784,0.0922531208028885,BLP12 local descending twig 1 left
13830600,16057212,0.09260483543180953,BAmas12_dor descending 1 left
16283590,17588623,0.09534625892455928,not MB2IN-159
15699715,18833414,0.09667364890456631,MN-L-Sens-B2-VM-23
15998899,15605657,0.10540925533894596,AN-L-Sens-B2-AVp-02
16337850,10017183,0.10678575972860194,A07d_a1l
15724385,15638968,0.10842271852991381,MN-L-Sens-B3-AVp-01
986460,10110672,0.11043152607484652,ddaC_a1l
15678833,3562954,0.11049134058050969,MN-L-Sens-B2-VM-21
4524871,4397287,0.11062623771574243,MN26 (SN MN VA1)_a1l
16952671,6154200,0.11511756628934,DALd midloop 2 left; DALd_l  13
7955278,12026822,0.11617981913799613,DPMl12 ant Left
16952642,6155577,0.11694106924093717,DALd descending thin left; DALd_l  8 continues after gap
4050398,16042164,0.11740724489094445,putative peptidergic SN motor neuron a1l
20901073,20901068,0.12092152792253064,MN6/7 RP3_a1l
4538738,4729046,0.130339621713495,A23a_a1l
12820277,5298032,0.13107553826461493,A14a_a1l
15679577,18625446,0.13284223283101437,MN-L-Sens-B2-ACp-10
5778133,21590958,0.14115693464811707,BLP34 posterior ventral ipsilateral neuron left
15674262,15556081,0.14137554750916193,MN-L-Sens-B2-ACp-11 (Olfactory Gustatory connector 2)
9718223,9856062,0.1450952500220024,DPlal simple bilateral 8 left
5080991,10959064,0.14550722819096662,BAla34 Ipsilateral Hook left
12873914,17077342,0.14776998412001774,A27e_a1l
7801255,7628068,0.1492405014489273,v'ch a1l
17360030,15636411,0.1586324895512501,DPlal simple bilateral 4 left
1100936,4789092,0.16084753963982168,A01j_a1l
18123575,17543765,0.16293763397807048,BAla34 lateral descending 1b left
2798040,5057361,0.16428010167768003,A02i_a1l
5904833,5297998,0.1647160660168231,A03a5_a1l
10949382,16945771,0.16649332635282332,A08(X16)_a1l (A07_a1l)
7763691,7694722,0.17253243712550148,lch5-5 a1l
19102929,15668869,0.17780281410807253,BLAv12_lat contralateral left
16340998,8007556,0.18681389179388153,oct1_left
4110483,17587726,0.18765022510710427,BAmv12 descending 2 left
14046479,14046486,0.19275709463637392,A27e?_a1l
17729888,17658927,0.19367281045401674,CPa 3 left
16972043,4507955,0.1948624059332409,N1_left
12356747,19857573,0.19512313566832118,forking too high?
10229852,16347283,0.1989664013495227,CM13 lat 14 left
10418394,2260755,0.19937482567337306,DH44 1 left
11024782,4228864,0.2035771682169838,"A08h2_a2l (Jupiter left, not NB3-3)"
15586949,3180681,0.20433952663484356,BLVp1 local a left
17360286,17360225,0.20467299722600152,DALv1 contralateral 1 left
17430685,20106468,0.20782731897303952,BLVp1 bilateral 5 left
10219170,10499711,0.20804570850241733,A27l_a1l
7782409,7683669,0.2081727681200134,Drunken-4 a1l
14586769,19048289,0.20955748597823987,BAla34 brush left 
17399735,7880001,0.21178108619742786,A08o_a1l
11745381,15653432,0.21320071635561044,MN-L-Sens-B2-ACp-07
6623049,17654634,0.21575605290857025,MIXED forked left
16547252,13003574,0.21705661140564625,BAmv12 spearhead left
20812872,10739296,0.217442691017814,BLAv12_lat pointer-like 2 left
11353332,10908551,0.22085993479456478,neuron1 (not VLEL)_a1l
16485518,9621307,0.22605749530610686,BLDc descending 2 left
11874130,10868477,0.2294157338705618,v'td-2_a1l
14570370,13724377,0.23012710219448906,BAla34 bilateral 1 left
17414715,8247641,0.23054717714406148,ChalOLP;left
17729335,8592501,0.23060405495573455,BLP12 hook 4 left
16422744,15589591,0.2324044514137753,BAlp4 ascending 3 left
12039793,5452198,0.23461948127031385,A06g2_a1l (Saaghi-5)
15716701,15556868,0.2357022603955159,MN-L-Sens-B2-ACp-02
15723479,15640548,0.23650266966605393,MN-L-Sens-B3-AVp-02
11229136,17529547,0.2367741162531075,BAla12 descending 2 left
15714173,15671481,0.237758517182737,MN-L-Sens-B1-VM-05
11876076,15674282,0.238455241619133,BAlp4 ascending 2 left
10152437,6896580,0.23869046743596312,A07c4??_a1l
9787592,13191017,0.24107135993550544,BAmas12_ven descending 3 left
7807080,7236899,0.2418281788282448,non-ch partner 1 a1l
17096642,16751955,0.24255809701149844,Dumbo_left
19929273,20479959,0.2463794767705617,BLP34 looper 1 left
4113533,4936149,0.2519346629191095,A01c1_a1l
17360042,15656223,0.25221722547759984,DPlal simple bilateral 6 left
9795662,15250080,0.25577495310274145,BAmas12_ven descending 4 left
17356454,2557644,0.2584432806109094,BAla34 ventral cluster 1 left
10220679,18468751,0.2634345400733309,A19f_a1l
16435325,8995807,0.26638316877823587,BAla34 ascending 4 left
7424178,15564882,0.2672612419124243,AN-L-Sens-B1-AVa-30
4081479,5336476,0.2723769954096189,A19c_a1l
4728865,4541716,0.27378299688534447,A03a1_a1l (pre dMNs) 
17224013,14759661,0.27487423861082194,DALl1 6 left
18509063,11057449,0.2750395397759686,A06 (pre B5 01)_a1l
3564452,3571478,0.2759211309390197,ASC2_left (Projection neuron a2cb)
7924478,12787696,0.2783734432702122,A01b2_a1l 
15504369,15504376,0.2788995520575487,A27j2_a1l_GABA
4740178,4833168,0.2798295662981707,A05q_a1l
19166349,13167730,0.2811563948045731,BAla12 ascending 1 left
918889,18684928,0.2833201434983016,A02o_a1l Wave-1
18440675,12335381,0.2886870640588176,BAmas12 midline 3 left
11207649,10891544,0.2954908556134982,VLEL(Y5)_a1l
5750884,20443420,0.2972959288515691,Tel-like 5 left
16424131,13167025,0.29997200297447524,BAmas12_ven descending 1 left
11013583,17589475,0.3002515660740299,UNK descending contralateral left
10982951,8697453,0.3045288346198096,Basal Tel-like 3 left
10474936,11958584,0.30456168557287056,A06e_a1l (Saaghi-3)
8265467,5297622,0.30479797766310956,A26i_a1l
1679034,14374534,0.30588764516074907,UNK brain ascending left
4206755,7124156,0.306695899377994,A10f-like a1l
16856369,4185530,0.3091680586417309,DALv23 LAL crinkled left; DALv23 L LAL #6 counterpart
3032520,15640425,0.3162277660168379,MN-L-Sens-B3-AVp-03
5088293,4097554,0.316227766016838,AN-L-Sens-B3-ACpl-10
15639294,7571966,0.3164383048398025,CPe contralateral descending left; CPobPm4 is CPe3/pep asc cand Left
15700147,15743905,0.31647510885169416,MN-L-Sens-B1-VM-04
15995958,18080008,0.3217204425066654,BAlp4 ascending 1 left
12820178,14866379,0.32338083338177726,A02h_a1l
4123145,4038469,0.3234983196103153,A01x_a1l
17359111,16316973,0.3250224192170843,BAmas12_dor SEZ descending left
15714639,15595950,0.3270481555096252,MN-L-Sens-B2-ACpl-01 (Awesome MN sensory 2)
18458734,13775497,0.3304648078802217,A06k_a1l
14866842,18145093,0.3304707652887272,A02g_a1l
1961182,9177218,0.3314967720658979,CPf contralateral 3 left
16683883,5956787,0.3315060653691073,ITP candidate pair 3 left; ITP candidate 3 left
16014701,16574328,0.3318065554920808,BLP12 hook 6 left
17804729,11050498,0.33189592545800894,BLVp1 bilateral 6 left
14655602,15672269,0.3328271707272389,DPML1_l
17729410,9161929,0.33333333333333337,BLVa34 small ipsi 1 left
17557290,10946002,0.33507425659259416,BLVp12 sickle 3 left
12199095,17435678,0.3356794967563197,"neuron 12199096 upstr sog, oct left"
2123422,2784471,0.3357418193820946,hook-1_a1l
16435686,18861011,0.33766214945325235,BAla34 ascending 1 left
12366224,19857577,0.3387594564044285,BLVa_t ascending lateral 1 left
12452356,6250655,0.34299717028501764,BAlc post ascending 2 left
12140925,7019050,0.34452344717524497,A01a_a1l
6570401,8263821,0.3448089504035913,a03d/e_a1l
5309932,10855206,0.3476383476377287,A03g_a1l
5755261,2846555,0.34824692932092116,BLP34 lateral left
11217208,5993001,0.3485277000212237,DPMl a 1 DPPT descending left
5767836,20443505,0.3490555553037292,BLP hook local left
4400767,13751194,0.3494738761790056,DH44 2 left
12998937,14938436,0.35127657721092953,A10i2?_a1l Chair-5? 
3220616,16278312,0.35258406480377724,A09 Contra Brain Projection_a1l
15689046,8979434,0.35368528672378163,DPlal simple bilateral 7 left
12366640,17897298,0.3543104918248918,BLV hook 1 left
5678582,17658943,0.35801950519726566,CPa 2 left
5760480,4127096,0.3598192503337656,BLP34 descending 5 left
14818307,3932136,0.3604210011114716,AF7: C Shaped left
8152399,10860792,0.3633743181097536,VLEL(Y2)_a1l
1715990,15573331,0.36822984715932927,AN-L-Sens-B2-ACp-17
4990880,10053304,0.3712730358766523,A05k_a1l
14493841,11361875,0.3718879537222146,neuron 14493842
15586914,16176721,0.3729349269914457,BLVp1 hook 2 left
5704424,3166745,0.3731772083004764,UNK basal left
19298644,17537254,0.3772578839959053,CM4 cen ant 1 left
6729443,17937991,0.37937848645120753,BLVa_t ascending medial 2 left
4188290,5010581,0.379450042477123,EH left
4060628,6755064,0.38375677696912947,A08m_a1l
12070159,15344242,0.3844214338816363,A10d_a1l 
12809923,8234099,0.38942075992910863,A08e2_a1l
7790597,7746883,0.39062145332563925,vchA/B a1l
12820085,12834795,0.3929483498688945,A14b a1l
15766999,18231999,0.39434801258480523,AN-L-Sens-B1-AVa-38
18087179,17587452,0.3966020404884393,BAla34 ascending 2 left
9940382,8124177,0.3988968847206634,pOLP;left
17223685,8880781,0.40078354629449553,DPMpm1 1 DN? left
3041612,3074106,0.4013472393157882,A09a a1l Basin-2
17736641,20911955,0.4033896556503578,UNK3 descending left
10756813,2648254,0.4066964781757172,Fragment with soma
10642320,4991402,0.41354528890358666,A18a_a1l 
10858401,4034528,0.4148194767505995,A06a_a1l
17736748,17639824,0.42098784926737387,DALl2 descending left
4271519,3641568,0.4225217037785568,putative peptidergic SN motor neuron a1l ventral dendrite
5744502,1805406,0.4225330377269778,PVC_left
19884188,10945581,0.42315620322246694,BLVp12 sickle 2 left
17809869,17654519,0.424364355693287,BAlp descending 2 left
16554856,18570360,0.4298526614106437,DAMd1 bilateral left
15725127,15637893,0.43122877254358816,MN-L-Sens-B3-VM-10
17732256,17656886,0.43344355805309,UNK descending to T1 left
17728571,10221622,0.43514263457633695,BAl descending left
17356467,20242957,0.43546484316145384,BAla34 lateral descending 1a left
14638686,11891098,0.4357239238901285,BAla34 bilateral 4 left
16959698,17658907,0.43611949136464423,CPa 2-like left
10299625,4850409,0.43759376269486316,A14a1_a1l
3034133,3282869,0.43984410194699275,A09b a1l Basin-1
8059283,14913093,0.44013316071100994,A08s1_a1l 
20139548,17380345,0.4407401855694897,CM4 Bridle left
12273754,17654624,0.44714396094277187,MIXED bilateral 2 left
15690093,15615042,0.44721359549995787,MN-L-Sens-B2-ACp-09
13331383,4725907,0.448487322526124,A07f2_a1l (marathon) 
5712849,3166836,0.45392860273837343,BLVa ascending 1 left
13522678,5351821,0.4546817530520719,A05a_a1l
8154054,858479,0.4563204107554837,BAmas12_dor center output 1 left
15724520,15638520,0.4564354645876385,MN-L-Sens-B3-VM-06
17360022,9565674,0.4581993661657824,DPlal Curvy left
1767828,4139768,0.45841315801562266,A12m_a1l
15055590,14492880,0.4614527066439368,DPMl stick left
5343578,7184082,0.46272443469818003,A08x_a1l
18769231,7855488,0.46327643823183284,A02j_a1l
3915835,5638694,0.4649905549752771,v'td_a3l
722935,16312925,0.46613846427140415,ddaA a1l class III md
12014775,10498094,0.46739453200282954,A03_preA08m_a1l
6263055,6412532,0.4688691875916615,hook-2_a1l
17244655,17360593,0.46905786299646257,AF3 left
3945454,11637003,0.4709589888416933,Sleepy-2 Left
3539170,8159396,0.47125624873183436,BAla12 descending 1 left
159280,6276557,0.4714045207910318,lch5-2/4 a1l
17359101,865151,0.4725949212549365,BAmas12 midline neuron 2 left
5671303,8696919,0.4735202775881908,DPlal crinkled 1 left
12390459,19989037,0.4747707402298339,BAla12 big axon left
14199031,6970942,0.4757257407024258,MN18 (ISN DT1)_a1l
11934261,15633329,0.47679691683322734,DPlal ipsilateral 1 left
16009772,10929871,0.4780647027027156,A08c_a1l
7168356,11714576,0.4791323677379111,Weird PN to LH left
5084467,16226512,0.4792509665369784,A01c2_a1l (ipsi_dendrite)
19820800,15101511,0.47998510872623834,A19d_a1l
16952648,5900426,0.4813254700769496,DALd midloop 1 left; DALd_l  9
5772346,5185729,0.484313454483319,A05e_t3l
9768166,9772513,0.4849681189147681,A05x_t3l
6633635,9241349,0.48523682971238524,DPlal simple bilateral 1? left
4664256,17326218,0.48602111610000687,PL: Pair 1_down pvl09_left
20730780,9202326,0.4873805153081264,Basal Tel-like 6 left
17223643,3251140,0.4878870722297003,BLVp1 hook left
8877158,10163418,0.48858925502719897,MBE7a left
2439067,3814853,0.48902261836685845,T3: PVLr_left
16366055,17654645,0.4896083251505612,BLAvm bilateral neuron 6 left
10411574,17379420,0.4902073535578696,OL: CM4 ven ant 2 DNs_left
3804108,5350411,0.49029033784546017,A17a (= Pre-goro4)_a1l
13743125,17854345,0.491171625993327,ASB B1 left
3945394,3729504,0.4915057182353153,Output of Munin left 3
12040460,16119910,0.49266703653596433,Saaghi-4_a1l (AAZ4  (A06g))
17170215,10660512,0.49336917054925333,BLDc descending 3 left
17732791,15334461,0.49410731199707536,BAmas12_ven descending 2 left
12585379,13768622,0.4952789605330471,neuron 12585380
11208232,10907355,0.4953281237414522,A07b_a1l
14756000,13634759,0.49548875167151585,BAla34 hairy ascending left
18425292,4070588,0.498614846571505,A18b2_a1l
17360404,4390116,0.49876998583665666,DALv23 LAL 1 left; L LAL #7 counterpart
4975387,4839570,0.4992446960721235,A08d_a1l
3819859,4127944,0.5008703226778093,BLP34 looper 2 left; right_cpld
5959820,8943485,0.5022891852545229,BLVa34 local neuron left
5617164,10963761,0.5039526306789696,v'td_a2l
11011058,2667061,0.5050066700342093,Not Finished left
17110024,9037152,0.5086905807949044,DALcl12 r vv 8 = 1 or 5
17777031,15672263,0.5094744934596079,DPM descending left
5358138,4978454,0.5097736595432782,A19l_a1l
15028907,11362589,0.5113636363636362,DPMpl3 contralateral left
9971209,8812078,0.5115930662325521,MIXED crinkled left; Down to Multi PNs
11466247,12990250,0.5116168095157011,Jaam-2_a1l (HMD2 (A12g))
16547268,15732485,0.5152846120443577,BAmv12 looper 1 left
17360266,14755393,0.5153031892407852,DALv1 contralateral 4 left
16928740,15560623,0.5157155036733098,DALcm12-v descending left
3945232,9841469,0.5161745344908443,Sleepy Left
10714526,2911847,0.5197421454592249,DPlal simple bilateral 3 left
14621584,17355864,0.5204743736189178,BAla34 bilateral 3 left
14044614,14199565,0.5216120087243982,MNISNb/d-Is RP5_a1l
15571194,3234817,0.521739670304842,MBE12 left
15516413,5816138,0.5224721591815571,DALcm12 fork left; DALcm12 L v ap 9
7934159,4124563,0.5252257314388902,A27n_a1l
15770904,15543394,0.5252257314388903,AN-L-Sens-B1-AVa-24
14995061,16629886,0.5262348115842176,BLAvm bilateral neuron 3 left
5132886,5997121,0.5286343915854591,A23g_a1l
17352824,13137623,0.5292561240249631,DPlal Small 1 left
13854190,5476653,0.5300238594466116,BAmas d 1 neuron left
7855607,14829351,0.531582414978333,A14a2/c?_a1l
18305433,17587730,0.5324001159371431,BAmv12 descending 1 left
15560233,15895346,0.5358841492223398,A06 (not A12?)_a1l
4386719,12036009,0.5366610717274869,A06f_a1l (Saaghi-2)
162293,7577773,0.5368754921931592,lch5-2/4 a1l
9436520,20536322,0.5368754921931593,DPLc PDL_left
4324479,19950281,0.539163866017192,seahorse left
15519213,5791548,0.5393428194929116,DALcm12 L v p 10 left
12425856,13173311,0.539565446403893,Projection neuron LH
8057753,10949030,0.5413559518856609,A08j2_a1l
18076102,17654514,0.5428329451088182,UNK descending 1 left
12478620,16318521,0.5450742283273328,neuron 12478621 left
21250110,9640873,0.5484251522419678,A10j_a1l
18412747,17336347,0.5498414147691576,HAS SOMA Neuron 18412748
11263687,6692908,0.5507390028658384,Basal Tel-like 5 left (Downstream A00c)
16504350,11064947,0.5517784900198037,A01bx_a1l
10089193,16257962,0.5519858633766255,A03a6_a1l 
12044223,15351228,0.5555650553983338,A05?_a1l_HOOD NEURON
10202724,5480553,0.5580184330391609,LP: BAmas d 3_left
17962513,8842220,0.5582690762140534,BLAd lat 1 neuron 8842221_sibling left **MISSING DENDRITE**
19054481,17351780,0.5593433732309462,output to SEZ left
15587533,11029851,0.559529951823873,BLVp1 bilateral 2 left
10237401,5858788,0.5597802830992166,CM13 splitter left
6330796,12244514,0.5597850837838206,A19b a1l
16713227,17659014,0.5601120336112039,PVM21-like 2 left
10090269,15290335,0.5605411396525471,A27e(2)_a1l
20316708,19167389,0.563634296793774,UNK horseshoe ventral left
4039711,4538613,0.563684026922967,A03xyz_a1l
16588928,17355892,0.5640119861878011,BAla34 descending left
12923749,10663559,0.5642892689323961,BLAv12_lat pointer 1 left
3061422,3272218,0.5651218526963822,DM-NPF_conn4_left
10380647,13122290,0.5669418972129504,c1_A01j_a1l/TODO
5768240,1805418,0.5689213456924789,BLP post ven neuron 1 left
16096934,13049485,0.569687291895885,DPLm ant lat 3? left -gap issue?
17728781,13644685,0.5705391504850773,BAlp4 ascending 5 left
17360070,15656826,0.5715428914400039,DPlal simple bilateral 5 left
16742642,8546775,0.5718425934548843,DPLam hook left
12389097,15674269,0.5720262977486383,neuron 12389098
17360014,9698907,0.5733566331157501,DPlal ipsilateral 2 left
4324567,15732509,0.5763701049443528,Lure-1 left
16009864,16009971,0.5773502691896257,neuron3 (not VLEL)_a1l
9508724,17541953,0.5785059583312484,Ipsiphone lineage bilateral 2 left
16952691,5052370,0.5789065594063836,DALd descending 1 left; DALd_l X?
8167696,7429933,0.58011480129714,DPLam Talon 2 left
17355745,16158918,0.5802090748245076,BAla12 descending 3 left
4274364,4382895,0.5825622353649561,MN29 (SN MN VA3)_a1l
12299805,7422595,0.583355913662701,DALl1 5 left
17448356,13675374,0.5834589526030487,BAla34 ven 1 d left
13095126,10492059,0.5837637722948998,A31f_a1l?
21136945,17654638,0.5839672421303098,MIXED bilateral left
13988443,8539175,0.5858635013751449,TT ;  BAmd1 v r _Kathak_left
8216541,4541081,0.5864002554290118,BAmas12_dor center output 2 left
4730042,16515841,0.5877835004303191,A18b3_a1l
8700125,8480418,0.590149886368492,OLP4;right
3944330,15732050,0.5906949673698769,Output of PC Hugin left
4555763,5108525,0.5913714770099612,A08h_a1l
7910624,7897469,0.593971466319808,MBE2as left
16066985,14046245,0.5950922826618943,A27a_a1l
8340950,8270683,0.5973694605988338,nc2;left
3795424,11291344,0.5976143046671967,v'td_a5l (Abdominal Sensory)
4524495,4101812,0.5976143046671969,vesB_a1l
15605301,15607335,0.5978436169276483,DALl1 bilateral 1 left
13058240,13057994,0.5985843474879887,MNISN-Is RP2_a1l
12325227,9507904,0.6008332631671843,Smash_left
4715415,8371225,0.6013202102903569,A02k Pseudolooper-1_a1l 
11468088,4188325,0.6016918404830054,DALv23 LAL 7 left
7808341,10227539,0.6034264726436245,crescent_a1l
11106522,10312570,0.6037073553192782,A01x2_a1l
16059134,10725068,0.6043832064246987,MIXED local left
3946569,8813113,0.6044463125931034,BLAd ant med 3 neuron left
9842383,6219445,0.6051573307493859,UNK anterior basal 1 left
5684940,7982324,0.6063687843654436,CPf descending 2 left
10282065,5946241,0.6065740857657204,BLAv12 lat bilateral neuron 1 left
15825892,3765728,0.6066945191847393,UNK bridge left
17728730,17629213,0.6084241518760726,lasso-top 2 left
4780707,15683275,0.6101143858173035,AF15: off suckerfish_left
17086412,17362538,0.6102420696152496,BLVa_t ascending medial 1 left
5763407,10945111,0.6102441491706465,BLVp12 descending-like left
16434560,17328580,0.612303861503246,BAla34 bilateral 2 left
16545101,4812481,0.61295677949629,double-hook BAmv1/2 left
14087339,14047945,0.6146776210135672,MN4 (ISN U5 NB7-1?)_a1l
15541971,5734134,0.614763843569984,BAmd1 bilateral left
992646,15599768,0.6152659686260084,BAmas12 contra left; Interneuron--35 in total
10345590,15048530,0.6160792233460458,BLAl F neuron 1 left
8235049,15264419,0.617707763884251,A06m_a1l
10054666,16330265,0.6178033829667053,A19x a1l
6207232,4096366,0.6180804918374752,Drunken-1 a1l
9154024,16947349,0.6197756879124302,DALv23 L LAL #10 counterpart left
40152,15573396,0.6201736729460422,AN-L-Sens-B1-ACa-10
10792336,5163599,0.6224854799601138,DPMpm1 FB3?_left
11186471,12147878,0.6231555035703265,A10b_a1l
20172310,9521722,0.6236071265209198,UNK brancher 3 left
8529400,7449767,0.6238736481379626,UNK bilateral gnarled dendrite left
9527522,14083681,0.6250606370710965,X ; F1 pair; DALcm12 L m ant lat 9_left
16630941,5835799,0.6255675408852137,KC22
19045334,9585036,0.6256466633907737,LH_sibling 67 like left
11003696,3167039,0.6275038970555995,BLVa12 local left
14045016,14206438,0.6276699606330237,MN14 RP1_a1l
15770867,855719,0.6283944479192557,AN-L-motor-16
8838927,17107661,0.6302624328875917,neuron 8838928
10929797,8198913,0.6313990197071754,VLEL4_a1l
12869029,13953356,0.6322254610674015,IL; DAMd23_left
10018150,17379298,0.634793108668504,CM4 sparse descending left
10323628,8370111,0.6374137775988437,Pre-ipsigoro-2_left
17359501,13763548,0.6377549723432889,BAmd descending left
13313410,16586265,0.6382401250465276,BAla34 ventral cluster 3 left
5747036,20443544,0.6389572322628734,BLP34 descending 1 left
10922928,3149791,0.6393314184220366,telephone-related left
15997645,15592696,0.6396021490668313,AN-L-Sens-B2-ACp-14
17321919,4215611,0.640219728056988,DPMl Sloppy left
11291653,8412625,0.6405140380092126,Basal Tel-like 2 left
11286854,8942413,0.6407097870320746,BLVa34 hook left
9048462,10612630,0.6408793055507281,MBE7a-like left
20981321,2878185,0.6417094829517681,BLAv12_lat pointer-like left
20395646,17210906,0.6417990240759603,A07c?_a1l (NICE post MDN pre A27l)
16939375,8924186,0.6419700233335809,KC67
8347907,5503982,0.6423406718088966,BLVa_t ascending medial 3 left
17904627,10015769,0.6430798468590251,A27j_a1l
20981306,2842451,0.6456900311791232,MIXED pointer-like left
5657004,5134110,0.6460240763133691,"receives from telephone, outputs onto telegoro L"
6604203,2670619,0.6464300343713635,putative 11H10 left
14522404,13774384,0.6466795351687801,NB5-2 lineage 6 (HMD X?)_a1l
15686444,15638932,0.6476116551762438,DPlal bilateral 1 left
16683943,7530253,0.6476484200955405,ITP candidate 4 left
14579509,13835439,0.6488029727928182,fishing_rod_left
11007420,16884962,0.6488778767357319,DPMpl12 tall 2 left
4665186,17671219,0.649215723416686,PVM_42a_LH_left
8142831,17655000,0.6504020157889454,BLP12 bilateral horseshoe 2 left
12935706,16852421,0.6504439756063004,BAlp_ant bilateral 2 left
11009492,17304269,0.650555194397762,DPMpl12 tall 1 left
10290529,10273502,0.6507913734559685,vdaB_a1l 
4991243,8227502,0.65102765830996,DPMpl12 Giraffe 1 left
7764785,7732444,0.6511859730065073,lch5-1 a1l
9201911,17591687,0.6525433497056389,3rd Thermo - to peduncle #2 left
16863538,20443362,0.6530471562110152,BLP34 descending 2 left
5689639,5855343,0.6534393241407963,CM13 tall ipsilateral left
17951049,10263287,0.6536748309862217,SEZ-IN-07-left
17435009,19919758,0.6549651715866569,A02l_a1l
9503414,13950464,0.6564815811442807,midline projection neuron in the brain_PI 
7992966,14858626,0.6566125305705174,A02e_a1l
16856617,16561429,0.6584706310557475,DALv23 LAL 6 left
17729110,16399845,0.6592249617508363,BLAvm bilateral neuron 5 left
16838915,8544824,0.6592854039156747,BLP claw 3 left
5577650,13358515,0.6599663291074441,MIXED brancher left
3720037,5206247,0.6610596080607506,gorogoro t2l
9787933,867393,0.6612381842658391,BAmas lineage Neuron left 2
4523584,2659386,0.6615701550312039,DMS 1 left
20556072,17025508,0.6615894593937073,DPM descending thin left
4663875,11271082,0.6620693976104739,BLAv12 bilateral 2 left
16782830,9469519,0.6623895904146667,MBE11b left
4717729,16080562,0.662408915603958,MN25 (TN)_a2l
4213417,10004243,0.6637031424164751,A27k_a1l
4028114,4535767,0.6637143264864589,MN5 LO1_a1l
3945136,13948718,0.6639725709505633,DAMv12 Mandible 2 left
1678567,6153877,0.6648597853710357,BU ; DALd 4_left
17776982,6554358,0.6650326057439965,DPMpl12 double descending left
10018260,17379372,0.6655792718370853,CM4 dor med_l; CM4 dor ant 8 left
16014607,3122533,0.6665918887617279,BLDc descending 1 left
12705004,8899200,0.6666666666666666,A31b_a1l 
15676016,3058132,0.6668320721193214,DPlal simple bilateral 2 left
11703922,16181377,0.667135675230776,Bridge III_left
17053270,5319633,0.6673864051364132,LAL to VNC up to A6_left
14539753,12962772,0.6690808008084763,BS; CM4 dor ant 1 DNs_left
17740547,13580849,0.6694768103857566,DPMpl12 Girraffe 2 left
18740553,3814635,0.6704681816274303,MN_AN iACT PN left
3946166,3620633,0.6705534204890908,Pre-goro3 left
9976875,8257688,0.6706430182129786,A27p a1l
6445994,3436420,0.6706576834941671,Pre PMN left
16468935,10781924,0.6720813089319477,gate1_left
10804041,7683401,0.6727863097248636,Griddle-2 a1l
10922020,17123466,0.6730757925192876,f_down pOLP left
15431408,16714214,0.6748919422755687,pacman-2? left
15588711,10945795,0.6754918216732673,BLVp12 descending left
4523803,13793212,0.6775348213574167,DMS 2 left
10600188,8571259,0.6778668844767687,DPMm1 4_left
17277623,10013517,0.6780884902265741,Axon upstairs left
8700125,7897051,0.6782597491171306,GlulOLP;left
10449035,17658948,0.6784329869850503,CP crossover left
12121795,11788830,0.6785972714904969,BAlc_post I left
6623089,17897230,0.6790339220424284,BLAv12 ipsi 2 left
3060480,17380080,0.6798086465606661,DPLl Gnarly left
7983899,7616956,0.6800606878455733,MBE9a left
15632282,16884085,0.6801032873471984,DPLl bilateral 1 left
12820537,19806174,0.680328680463652,A08a_a1l
8005609,10852875,0.6810052246069989,v'td_a2l (Abdominal Sensory)
14797760,15679639,0.6810585407529341,above BPL toward anterior Left
19017386,8127390,0.6822377334130976,down_oct1_left
7005184,7569260,0.683617026545848,CP1 d 1 left
18058793,14588375,0.6840003420002565,UNK contralateral descending left
9481869,14762026,0.6841340967664686,DALl1 11 left
15792643,15610774,0.6865638735034216,LX_left
12468812,4102844,0.6876381969398598,A09l_a1l (Down-and-back-1)
7862356,16014849,0.6882472016116852,A30x/Drunken_a1l
17062823,16393165,0.6886762834498822,KS LN 4a left
9480916,9077224,0.6892583559103139,ni contralateral 3 left
10273060,11982072,0.6895490634551816,A03d?_a1l
16950097,4847079,0.689695564725541,DALcm?_l  16
10961507,3232808,0.6910231207187465,DL-LH_cand10 left
17358864,13842372,0.6911821710101232,BAmd2 contralateral descending 2 left
16490014,1141813,0.6917828549701329,BLVa34 local hook left
11022546,17663944,0.6929066642319415,DPMpl12 Hook 2 left
5033480,5700090,0.69297161446888,Partner 27
16442113,3814175,0.6931924076217161,T Neuron_sibling left
15724636,15671848,0.6933752452815363,MN-L-Sens-B3-VM-08
17513284,17361566,0.6937090719504757,BLAv12 1 left
12089601,11838242,0.6939735844510817,BAlc_post I2 left
11525714,12805363,0.6940028163996054,MBE22 left
13833814,16316981,0.6946235247914073,BAmas12_dor descending 2 left
5744058,4128002,0.6950424297606084,neuron 5744058 left
13395814,17756162,0.6950731304382389,DS_noci_sibling-like_left
16501652,10877689,0.6955307720225519,BLVa12 local-like left; ASB TODO A2 left 5
5708994,17654617,0.6958240968420677,BLAvm potential PN left
10760217,2669331,0.6983833724401711,DPMpm1 horseshoe left
16670540,16950443,0.6987035633635644,DALd descending 4 left; DALd_l  1
16852589,6610913,0.701206751105123,DALcm v 6; DALcm12 m lat 3 left (probably)
3995976,17872154,0.7015381276978855,A01d3_a1l
2910892,2885630,0.7016622283242634,UNK triple branch left
4607160,9287199,0.7016778781813875,PDL005-like left
18656202,18655517,0.7024361825696467,BLVp1 bilateral 3 left; down seahorse left
18106257,17031293,0.7031796073339078,Hydra_left
4901087,18133444,0.7033863564497519,DAMv12 Mandible 1 left
10238739,5893912,0.703443578174032,CM13 hook 1 left; CMa 7 to loVP; CM13 lat 7_left
9544992,6811349,0.7039272208162605,A01x3_a1l
6931770,11060026,0.7041410594910904,A01x_l
13028455,4142619,0.7051773671004924,DALv23 LAL 3 left
15474790,12928099,0.7055476820513842,MB2ON-163 left
10179501,3091943,0.7056820081334645,A09g a1l Basin-3
20981350,8715940,0.7062537125481351,BLAv12_lat pointer 3 left
1924051,17698681,0.7086874311847439,BAmas12 midline neuron 1 left
21220994,8229118,0.7087230189127385,Basal Tel-like 1 left
7340629,7331555,0.7089490077940542,v'td_a6l (Abdominal Sensory)
5679304,8689148,0.7090519898658693,ASB TODO left from mPN 6
7313896,8135412,0.7109376538559841,SEZ FFN left
10583715,11306294,0.7110643297647506,DPMm1 FB1_left
10563755,13535387,0.7117033219477366,DH44 3 left
19470184,3732322,0.7117248530800028,PC-IN-left
13370624,14756440,0.7117882713931446,DALv1 bilateral 1 left
10893103,9720614,0.7120741346116558,Ipsiphone L
3158543,7719547,0.7133007534049998,63a ORN left
17732291,17659219,0.7136126639696878,DPMpl12 twig left
16356967,10319019,0.713827111119793,Tel-like 10 left
15547235,17036160,0.7139674287678157,BAmd1 PN 2 left
9061235,13836327,0.7140991178670453,BO ; BAmd2 ven desc 7_left
11073313,16347476,0.7143363351506861,DPM splitter left
15985265,17827115,0.7148948154284043,BLD interneuron left
9739780,3182103,0.7157094836794097,BLDc pointer left
16667592,16950550,0.7158384117996519,DALd descending 2 left; DALd_l  6
3814651,15732471,0.7165163729272945,Y neuron left
9083312,14077179,0.7167801760013321,MBE34-like_left; Left Handlebar?
4570270,2921933,0.7168888529311261,V1: possible PVL005 -  3 Left
17423412,13038489,0.7169414512155049,downstream of A2 mPN iACT R left
3945225,3793681,0.7170665221324453,DAMv12_med Munin Output left
9787859,11941255,0.7173663316518529,Inter2 left 
9348984,2772093,0.7177783254654949,BLVa hook 1 left
17769815,16690648,0.7190849190858515,CM13 med 9 left
10017804,2660767,0.7195100006612606,CM4-dm Tiny 1 left
13736919,17877682,0.7198236639448222,BAmd2 descending 1 left
16675987,13646473,0.7198918774212937,DPMl_ant_ven descending 2 left
5746180,20443501,0.719983786613821,BLP34 bilateral 1 left
4326520,4101976,0.7202987321550904,MN27 (SN MN VA2)_a1l
7876385,8198957,0.7206671086387573,A08e1_a1l 
15343835,4114133,0.7207087811486088,CP23 d 13_left
2568465,10167078,0.7212393719115782,mPN iACT B1_left
10809383,5321459,0.7215801995169744,O ; BAmd1 v_left
1622901,6156152,0.7222041470392865,DALd bushy left; DALd_l  2
17354414,3021609,0.7224331028454806,DPM contralateral horseshoe left
16545113,15732503,0.7228629197567741,BAmv1/2 2 left
10355356,5898284,0.7229021446745059,CMb 3 varic around loVP; CM13 med 7 left
8884212,19143114,0.7231838727558668,Scimitar left
17177103,17177115,0.7240433513073992,neuron 17177104
16428373,5369028,0.7243244604066243,DPLc post med 1 left
16541149,10079731,0.7248061536780589,BLAv12 ipsi 1 left
16433395,5085455,0.7251110135551092,MN20 ISN_a1l
2142817,17415439,0.7253875921697578,pre-dorsal-MAP presynaptic-D-2-R left
17108278,9051500,0.7255405615177782,BPL local 6 left
17176866,17176882,0.7262911694981276,BAmas lineage Neuron left
3979181,5794678,0.7265195922333965,ipsigoro left
17340955,15605297,0.726725345591388,DALcl12 v d 4 L
5691934,3862443,0.7269913961779003,telephone-1L
3946432,2935173,0.7278698198728089,WS: from olfactory to Hugin interneuron left
12420898,5162462,0.7283577480885147,BAmv12 looper 2 left
16026677,14495367,0.7286855757328773,BP_left
17732737,2663649,0.7288168612315234,DPMl a 5 left
9429085,17247877,0.7295372041400852,neu1_left
12832017,19091931,0.729654671119355,CM13 lat 12 gap
17087885,17324711,0.72999105285877,DNs-1_left
7867016,15094230,0.7308909448152388,DLN2_a1l
18099401,5975584,0.7311286014376016,CM4-dm bilateral descending left
8421329,8039617,0.7313233352400351,A08e3_a1l 
9006142,5783868,0.7313705018748039,AK ; DALcm12 v p 7_left
16851577,16950798,0.7321997634819113,DALd descending 5 left; DALd_l  7
9238937,9103732,0.7324785514796208,DA_left
2988292,19046339,0.7325473802727693,Two-headed cobra left
16045758,10684539,0.7326805628117198,BLP12 claw 2 left
17147698,8094859,0.7329845310388342,MBE11a left
16415910,9116228,0.7332148634370932,WQ_left
11123016,4152020,0.7339560738232528,from upper looping PN - peptidergic left
17729347,20479904,0.7340340388219431,BLP12 hook 2 left
16098538,8670503,0.7345527079719474,DPLm2 gnarled left
14203725,14048538,0.7346128366127064,MN15/16 VO4/5 (NB7-1? ISN)_a1l
19298625,16154290,0.7352536184621246,Downstream of mPN iACT A1 18067335 left
10728328,18464581,0.7353510280282857,MDNb_left; pair 2 left
17732270,6125806,0.7355384574785376,CM4-dm Switcheroo 3 left
19395500,8559525,0.7356234609715114,Downstream Downstream A00c left
17420035,8705088,0.73586162821007,PDL1_left
18695745,17587734,0.7359942528690073,BAmv12 contralateral 2 left
4542822,4478328,0.7361749733719237,A06x1_a1l
16985194,15068806,0.7362368960396776,ASB TODO No Soma; Gap Crossing Attempt; left
7025064,8161142,0.7362806836910053,DALcm12 L v ap 2_left
16937799,17654991,0.737314612462336,BLP12 bilateral horseshoe 1 left
15571023,12944478,0.7373241932589449,A31k_a1l
11348509,3765735,0.738026463994822,BLAl horseshoe neuron left
17105977,8970595,0.7385743573135689,BLVp1 local left
4289773,4121534,0.7386067016520889,MN23/24 (RF: LT3/LT4) LT4_a1l
6494382,2963280,0.7388274899596375,try5thLN_sibling 35 left
10140573,18144322,0.7388881786929801,A07x1_a1l
17696578,16260741,0.7406058243943363,ASB Lander Left
18500915,16846902,0.7407407407407405,BLVa12 contralateral 1 left
7796832,9771412,0.7407407407407407,vchA/B a1l
5745110,4127926,0.74080760501285,BLP34 bilateral 2 left
15365184,5512988,0.7408411116705031,CPd descending ipsilateral left
14194234,14087107,0.7417704451622452,MN30 RP4_a1l
10880408,10875178,0.7418397054689939,PZ_left
8689674,8319311,0.742226604851574,MBE10a left
3044500,6317793,0.7434253956484359,DPLc1 Descending L
11084320,8461082,0.7440731633356575,Basal Tel-like 10 left
17105842,13849274,0.7442084075352507,BLAv12 hook 2 left
9527333,13210358,0.7445211650179215,Headphone_left
6299908,10247731,0.7455083681981345,A23k_a1l
18023286,9753494,0.745523717037319,CM13 bilateral 2 left
10021175,12292579,0.7459164304709239,A18l_a1l
11717030,9606496,0.7461096989570408,BLP12 descending 1 left; dpn_left_1304_11
19880740,16223688,0.7465273248126324,CPa 1 left
17038587,8065771,0.7465679293112331,MJ: LNM_downstream4_left
15590793,17378548,0.7465834166809736,DL-LH_cand9 like left
5754346,3764792,0.7470111577579359,telegoro-1L
17732031,11081239,0.7484140944689318,AF: DPLal BPL-to-medial_left
8644484,14531828,0.7492598405962521,A05g_a1l? lch projection neuron bilateral dendrites a1l
10766722,16450562,0.7493645999867681,DPMpm2 small arc left
2511238,3093284,0.7494168484183064,A00c_a4l
17150791,8712361,0.7499528483678018,AB_left
7026287,7980369,0.7512022618457361,BN ; DALcm12 L m ant lat 3_left
12617396,3844799,0.7515651668914117,L left (PN to LH)
8196192,8095561,0.7516914457882972,Jaam-1_a1l (HMD1 (A12p))
7540581,5516552,0.7518489669404322,I ; Bala12 #9_left
16561660,13652117,0.7522338816852832,DPMl_ant_ven descending-like left
11717001,10683313,0.75229033034366,BLP12 gripper 1 left; dpn_left_1304_1
15594113,15590555,0.7533335069604681,CE ; NI_left
11079069,10986253,0.7535757056102733,UNK ipsilateral 2 left
4412315,3347708,0.7540011852962635,KC2/24
10792617,11278919,0.7547665622305899,DPMpm1  2_left
5899328,14048876,0.7548542923561805,MN28 ISN_a1l
14437742,3806652,0.7552932683214199,spruce left
10678017,14046720,0.7556666389799165,MN12-III (ISN VL1 V-MN NB5-2)_a1l
8031834,7686464,0.7567009737250003,lch5-3 a1l
15639216,15639331,0.7571072419745857,MB2IN-161 left alternative
8273369,4247099,0.7573293595625921,choosy 2 left
9927082,7874184,0.7573612445754611,LN1;left
3928522,16434842,0.7579156484252709,PTTH 2 left
8348277,18302665,0.7582875444051552,BLVa hook 2 left
8687096,9643439,0.759392284288145,DPlal outer bilateral 2 left
16095576,20370716,0.7600913022938899,DPL Lander-like left
14329745,19786464,0.7617356835651112,BP 1 ; Left
17075832,14039007,0.7623989014649515,BAlp descending 1 left
2816457,2619565,0.7625688016364381,A00c_a5l
16342197,12031406,0.7631144332220581,DPLc4_5_left (PB to LAL)
18929470,6700147,0.7636119434264814,BAmd2 descending 2 left
5169587,4228119,0.7636824092410736,P ; DALcm12  m ant lat #4_left
8347613,8349553,0.7642009096455135,Ivy left
16361363,13953184,0.7649212171717382,DAMd23 bilateral left
8688631,4543281,0.7654535978209968,A03a4_a1l
16340977,18232369,0.7654686335844986,Dorsal contralateral 1 left
5938794,8310955,0.7656369261645338,DPLl i ( BLDa b 4 ) left
10885466,12548756,0.7659903719249731,BLAvm bilateral neuron 7 left
10382824,17297936,0.7681966222394943,DPMpl12 fork left
8639662,13046354,0.7685861753504881,DPLm ant 1 left
15810983,6699205,0.7688189719515581,MBE30 left
4042315,4102728,0.7692832286304605,MN22/23 (RF:LT2/LT3) LT1_a1l
10872426,8572353,0.7697916084242031,VB: DPMm1 4_left
9589146,7503199,0.769960156567112,mPN iACT C1 left
3046503,2355126,0.7701868992637672,IPC 7 left
3040481,4049878,0.7703374121418277,A09c a1l Basin-4
7130033,5996485,0.7707648502365748,Brain into VNC
17732311,5995125,0.7708339031888661,DPMl a 3 DPPT left
10568310,2667980,0.7719213246898314,DPMm1 horseshoe 2 left
11157622,17036132,0.7721532121735286,BAmd1 PN 1 left
12420377,13242252,0.7729879516809971,MIXED looper left
3486950,4700182,0.7739430073129886,vine left
17574013,9085808,0.7745966692414833,UNK brancher 7 left - missing dendrite
19111930,14194703,0.7747977674238967,MN13 ISN MN-VL2_a1l 
15577444,5656152,0.7749697753642346,neuron 15577445
13818467,17813001,0.7750076360468674,DPMl12 loopy left
18527962,19508873,0.7751641414898044,neuron 18527963_pair001
15514582,8826198,0.7754924887387847,CPf Lever Puller left
15608953,15632120,0.7757207712647599,"MB2IN-162/163 like left; Bilateral above BPL, DS BTL4_left"
16472086,16433177,0.7758724501605099,Basal Tel-like 4 left
8809171,18187865,0.7760002068975898,lasso-top 3 left
8262372,8068173,0.7760261393108808,LON KC left
12000033,9750356,0.776263242072236,BAmas12 SEZ descending left; Another SOG PN left
9800031,17980698,0.7764822177105524,ASB Pointer left
16848497,9798791,0.7768440491007713,Basal Tel-like 9 left
18501001,1805669,0.7768516091455461,BLP34 descending 3 left
12262910,5738449,0.7770369294586025,W_left
11871574,11102156,0.7772390792574916,BM : BALp neuron_left
4071032,12953345,0.777587319779788,A02f_a1l 
8423405,11137808,0.7778615397962727,UE: down pOLP&PVL09_left
15023806,9845997,0.7787691261140365,UNK crinkled 2 left
13380660,14517691,0.7791822210944885,ginkgo 1 left
10329208,3561724,0.7791971411662588,IPC pair 3; IPC 1 left
19880680,9806510,0.7796259174314291,BLA brancher left
4636432,9808146,0.7796265050079897,AF13: 3rd-order Thermo (possible PVL005 )4 Left
16561224,6702943,0.7804688345398918,BAmd2 contralateral descending 1 left
16631114,9556700,0.7804859641446121,KC78?
8723983,16115255,0.7808003733850741,CM13 descending left
16348875,15601640,0.7813529558743054,SLT_left
4595609,19120853,0.7823631346330281,pCC a1l
10958210,17671375,0.7830665995317687,F14: PVL005 - 1 Left?
5474852,17591442,0.783115549656246,RQ1: 3rd - thermo orders _left
14270761,9103710,0.7836498563631239,BLVp1 bilateral 1 left; LH bilateral axon 7_mediates ascend
16846805,18028397,0.7838508526239436,MBE5b left
17975547,15018449,0.784198571445791,UNK crinkled left
17269708,9747432,0.78461281851277,a23X_a1l
15722990,9604434,0.7851526720711342,UNK brancher 2 left
16544462,4515496,0.7851526933032552,BAmv1/2 #3_left
12654063,12990900,0.7855533190649868,UNK ipsilateral 1 left
16636860,11623145,0.7855577637200623,DPLl a 1 left
17354403,12030078,0.7857005474274614,MIXED descending T left
17176808,17176819,0.7857746354698981,Same Line as Looping left 
17639784,17438424,0.7863056831203884,SLP1_left; CM13 lat 9?
17729088,9637388,0.7875571108477839,Tel-like 3; BLVp1 7? left
17743170,13858824,0.7877554527349684,KS PN left
7952981,8717219,0.7877688443623505,5thLN;left
10612094,12122924,0.7879568569117207,CZ2_left
5762666,17777259,0.7881161945493327,n_down pOLP&PVL09-2 left
5118060,15605987,0.7885013502268097,UT: BLAv12-1_left
16561284,17173922,0.7885304550718284,DALv3 ring1_left (LAL neuron)
17355757,15617305,0.788722324416043,MBE7b left
3281684,15202263,0.7889213472084091,IPC pair 5; IPC 5 left
9822593,15023987,0.7890028396065909,BLAvm bilateral neuron 2 left
12387154,8723267,0.7893112602467783,AF7: PDL_left_sibling 35
8765298,10682411,0.7898222352484433,BLP12 claw 3 left
17728695,10367190,0.7899337502884402,BAlp_ant ascending left
16089743,10340880,0.7904016876087375,P1: BLAd ant lat_left
16952665,6154921,0.7907325865816736,DALd sparse descending left; DALd_l  12
4966994,16578252,0.7910307099337623,CM13 bilateral 3 left
13749806,14034206,0.7914455414364198,telegoro-2 left; Txx_t1r
3158123,15225589,0.7919082573622278,presynaptic-D-2-MAP-L left
10915553,11905911,0.7921848383943094,CM4-dm Switcheroo 1 left
9428865,13674287,0.7925154212194458,AP ;  BAla34 dor 2_left
15315491,15556861,0.7926496395935889,A10i2?_a1l Chair-5-like?
4302562,3180525,0.7928539063668057,A03o_a1l
8052161,4152272,0.7931577249066402,DALv23 L subMB 1 or 2_left
9577562,17132009,0.7931856429685371,BLVp12 sickle 1 left
10702736,14206030,0.7933627664312286,AQ ;  DPMpm2_1_left
9424902,3027876,0.7937895581379373,Tomato Vine 2_left
11135340,11645541,0.7938201479306726,S: Peptidergic_sibling 35_left
17022668,12474164,0.7947056611811308,DPMm2 descending left
17109286,6653450,0.7949209449873187,DALcl12 r vv 6
19091995,18302931,0.795265050701685,UNK horseshoe 3 left
9488991,5585799,0.7955305840903194,LQ: weak on PVL09 & MBE24_left
17165621,9422291,0.7955903457631227,Basal Tel-like 7 left
17736654,20911961,0.7958226897954229,UNK descending 3 left
17813499,10785260,0.7958245845694991,DALcl12 vv 11 right
14088149,14045854,0.7958311087538011,MN3 (ISN U4 DA3 NB7-1?)_a1l 
10100020,1868538,0.7961060608496715,CP4 8 left
14519756,7467027,0.7963773637682294,R1: upstream of telephone_left
11017761,16178283,0.7965468611929745,MBE26 left
17732334,16347786,0.7966722877694072,DPMl descending ipsi left
14086309,16181494,0.7966874957191877,MN19 (ISN NB3-2)_a1l
2797480,13713529,0.7972289054155037,DPLc_post_med descending left
5078760,16690920,0.7975588529580656,A18j_a1l
18035063,17937986,0.7981763487326797,BLVp1 bilateral 4 left
17315288,5326407,0.7984636960488,CP23 v 11_left
14082322,7840791,0.7987585232308262,MBE9b left
8802069,4665627,0.7990735926342994,neuron 8802070 down_oct
15512404,5786898,0.7992567088088667,DALcm12-v forked left; DALcm12 L v ap 6_left
8203947,17952967,0.7995725338375848,PDM1 left
17732085,8698941,0.8014949242361684,DPLal 3 1 neuron left
2439134,4099900,0.8019035087566134,BLDa b 6_from Another temp PN (ds5th-2) left
11455472,8257672,0.8019717702025428,VLEL9_a1l
16223537,8980589,0.802145380707751,MBE18 left
11656349,16297403,0.8024195177347897,MBE29a? 1 left
15974183,15662776,0.8024506806677506,DALcl12 v d 1 left
12736001,15155348,0.8027051214378608,BAlp_ant Y neuron left
2979486,9585145,0.8030116202452371,GX; Left
16385470,18098174,0.8030649008101618,Tel-ipsigoro_left
14651659,13760954,0.8031463801278104,BAmd2_v descending left
9351843,17990556,0.803470952422694,DPLam ASB Mackerel left
17047087,7431625,0.8036836235450167,S2: DPLam r 5_left 
12299704,10768709,0.803871763707756,Bilateral near MB_left
4680995,17806341,0.8042057224092152,LH bilateral axon 3_left
5902352,5936935,0.8044505557077329,CM4 horseshoe left
10649843,4488976,0.8053691178333121,MN1 aCC_a1l
11625573,18545747,0.8054813295535199,HAS SOMAL neuron 11625574
12279941,17328632,0.8056329133601222,BLAl_I-X 3 left
11105182,10158972,0.8064885169323301,clamp left
16667306,16520950,0.8069349343232163,LAL output neuron 2 left
12587013,9015568,0.8073534281698418,scythe left
14492757,14656798,0.8074656658739718,BAlp1_left
10716080,3595837,0.8078270513246698,DPMm1 Brain descending into VNC left
3797420,5558724,0.8078427046684917,Input to both Munin PC 3 left- paired with #5558724
10553248,8496618,0.8085317273738893,DNs-17_left
3925724,5955853,0.8087960324525413,ITP candidate 1 left
10160250,3450751,0.8092348414767166,mPN BAmd1-g left
6704232,8559607,0.8094133419164776,KC54
7283193,18163015,0.8095024722691356,UNK brancher 6 left
2979675,7422253,0.8096736730131638,DPLam Talon 1 left
17729167,17324637,0.8097669103397725,BLDc gnarly left
16039470,4241192,0.8099698181226879,KC14
7582412,2776773,0.8101647761143811,3rd Thermo Left - ADL022
15488316,8540770,0.8103721505786293,contralateral in brain like A01 left
3736500,16621864,0.8109514303715639,ginkgo 2 left
15716934,15746421,0.8117457594419667,MN-L-Sens-B2-ACpl-02 (Awesome MN sensory 1)
17105218,9067063,0.8121914426838676,DALcl12 r vv 5
16545179,14501257,0.8124910848734932,Lure-3 left
17110189,6182848,0.8126454262205722,DALcl12 vv 1 left
5186443,4346154,0.8128704084649332,DALcm12 L m ant lat 1 left
11719626,20278329,0.8130097034234239,BLP12 spaghetti left; dpn_left_1304_2
17067625,16340011,0.8130486055178359,DPMl anterior hook left
15566333,15568333,0.813163077740829,V ; DPMpm2 4_left
4414163,4414184,0.8133807222336378,MBE1d left
12726582,4415241,0.8137254287061206,KC16
10921106,16388736,0.8137353463484314,CM4 contralateral descending 1 left_JMpair17
15623649,20443457,0.8138093194281981,Mickey Mouse_left
5289042,9291938,0.8143807531137373,BLVa12 local 2 left
40045,3954014,0.814529686776284,22c ORN left
14782250,3235409,0.8145421417421735,Rose 1 left
18418512,17435371,0.8146707040363099,A06l_a1l (Saaghi-1)
2439150,11851588,0.8148995384038755,inner bridge 2 left
10058316,4113595,0.815070552032923,A27neo_a1l
15722867,9609048,0.8150910773486999,KC82
11725803,8066542,0.8158406682270165,KC42
3928652,12704360,0.8159978645414405,CA-LP-1_left
12874044,17077347,0.8160087773437331,JaamXX A12f_a1l 
8047280,7587948,0.8160255224767203,down pOLP left
5131639,17962981,0.816496580927726,neuron4 (not VLEL)_a1l
16911458,12178825,0.816496580927726,v'td_vnc_a6l
17729195,5545085,0.8164965809277261,BLDc crinkled left
4928976,7823087,0.8166028056833863,A23i a1l
11144258,9800178,0.8167430235864086,SNeuron CPLd left _former: Death grip left
14981128,9039416,0.8171287383475048,ni loopy left
18485293,17647621,0.8172536479247934,CM4 descending left
10658673,13045287,0.8173154656294794,DPLc post intlat 1 Left; NOT a DPLc
9567051,9539868,0.8175448760359189,PVL09 left
17361757,12813847,0.8176327147451004,LH Processor_left
17114293,10017073,0.8178305690336128,A27k_up_a1l
3414508,3498479,0.8179813124449655,contra-vine left
4506509,2852273,0.8182090038379595,IPC pair 6; IPC 6 left
12424328,16457812,0.8183349067448911,Gustatory? PN left; PN from MN sensory left
17295912,16353832,0.8186185769243899,MBE10b left
3945756,8566140,0.8188512462452608,DPMm1 3 (Output of Munin)_left
6978585,5869204,0.819394254784867,CA-LP-2_left1
16630479,17012001,0.8194759821453598,BLAvm bilateral neuron 1 left
10358617,17298108,0.8196369004147375,CM13 med 10? left
16637377,7962986,0.8196638273022755,plume left; Left Bridge IV ????
14046279,14046294,0.8198825531734589,A02d_a1l 
10447988,16540741,0.8201219321391141,CPf contralateral 1 left
16316916,5592307,0.8201308371583778,BAmas12 dor 12 d left
4778439,3546334,0.8202081496797746,A02m_a1l Pseudolooper-3
16100461,8711574,0.820562349621595,T2: BLAv1 3 _sibling_left
3486867,5478818,0.8208089021037503,130729_SFO Cand 42a-42b_OSN_IN1 left
19175973,4227831,0.8209483753146992,AC ; DALcm12 m ant med 1_left
2597151,3158085,0.8211917964615861,AF5: Short-presynaptic-D-1R
17358891,19190681,0.8216009828903664,ASB Gust descending left
12809152,12873722,0.821706689649093,A31d_a1l
13832416,5591201,0.8221933662065694,BAmas12_dor Hook left
9119558,10990803,0.8222796749647786,mPN iACT VUM L
14434314,13369670,0.822419287161115,S1: neuron left
3945246,19271710,0.8233463750735915,AS ; Left DAL neuron L
10281116,10351681,0.8236041702922365,neuron 10281117
14071449,13953546,0.8243293121506997,Crab Arm DAMd23_left
13966828,3707204,0.8247222953453526,Magic wand left (AF11)
16422727,20443571,0.8252763664864523,BLP34 descending 6 left
12367568,12884490,0.8253439809037504,BLVa_t ascending 1 left
4401350,4598363,0.8255633073359258,MBE15a left
11409587,17019327,0.8255651085239771,CF ; pDM_left
15522152,15548844,0.8256790190455593,DALcm12_v_p_11_left
18648531,13665529,0.8257897209306766,Bonsai left
21300466,18644088,0.826039567718935,UNK horseshoe left
1646076,10276161,0.8264676420608821,DALd_l  3
17608754,16362243,0.8267540335004895,AN-L-Sens-B2-VM-07
6467481,16713121,0.827445747138906,MN21/22 (RF:LT1/LT2) LT2_a1l
4279887,10293348,0.8274990626269256,Chong left
16327998,17173852,0.8275415162465237,DALv3 ring2_left (LAL neuron)
19242617,10133525,0.8284983878831925,A14 dude?_a1l
15005403,15894178,0.8286470832096,UNK descending contralateral 2 left
14342744,15618614,0.8286718629472223,Tidal wave left
11687072,18425189,0.8287376443383042,CPb pointer 1 left
16883909,4234009,0.8299570078354894,MBE33 left
15525711,9068346,0.8300786084047026,DALcl12 vv 12 left
16676038,13645610,0.8301994872671684,DPMl Skis left
7766016,10937355,0.8305387444638057,H-shaped _a1l
3650006,15829660,0.8306344149017711,PN of GPhN to LH (left)
16992171,17356024,0.8307765511575669,BAla12_34 neuron left
20343986,2881070,0.8307856221119053,BLDc A00c pointer left
18058644,8939384,0.8311705831771788,BLP34 bilateral 3 left
9237370,3726990,0.8313579687047885,DPLm1 contralateral 2 left
10955244,11248536,0.8322161162875513,from mPN 16 neuron 10955244 left
4381129,15404207,0.8325460524808088,MBE19 left
10728318,3598000,0.8326572047819002,DPMm1 Brain descending into VNC 2 left
14726069,5805651,0.8327614523820912,BAlp_ant bilateral left
6535161,5690362,0.8327723119783289,A10a_a1l Chair-1
17728922,9234420,0.8329720985591603,BLAv12 ring-like left
3694515,3896629,0.8329737601807351,47a & 33b ORN left
3944626,16195633,0.8330726990429603,DPMpm1 bushy descending left
16345627,16671014,0.8334955241128447,UNK contralateral 2 left
9372642,9842000,0.8335538965643847,PTTH 1 left
10797407,14760757,0.8343665062319077,Bike Bars left
3886356,5966099,0.8346685837315926,MBE4h left
5395823,11524047,0.8350519843491291,MBE15b left
9447255,16295025,0.8351724353800998,US1: Claw_left
10710503,18142558,0.8357085802438697,CM4 do pos 3 left
4785242,2935198,0.8358438175100857,AF3 thermo 3rd left
19101351,3848843,0.8361586330912274,BLVp1 bilateral descending left
13206239,8847957,0.8364213499158534,Bridge II_left
11003551,17913199,0.8364771973969275,HAS SOMA Neuron 11003552 left
18305476,13007383,0.8366600265340756,BAmv12 contralateral 1 left
9051960,17813006,0.8367582972216112,AD ; DALcm12 m ant lat 7_left
4778745,4319395,0.8368663029616211,3rd Thermo - to peduncle #1 left
16686371,15431795,0.8374161282415641,SLS_left
14071613,4411542,0.8376467094719833,T1 ; DALcl12 d 4_left
14034311,5976168,0.8380153786386705,DPMl b 1 loSM left
21133456,18341449,0.8381439481291711,BLVa12 local brush left
17280216,4337398,0.8382368371938516,DALv23 L subMB 1 or 2_left
14088451,10013402,0.8382555673260149,MN11 (ISN NB3-2)_a1l
5690425,19010160,0.8385844716619056,CPf descending ipsilateral left
14461238,18292832,0.8390788613904435,US2: BLP12 b 4_left
17927604,11605567,0.8391065754310737,DS noci_sibling_left
17454636,15467736,0.8391746247068483,DALcm12 v ap 20_left
8347720,18302610,0.8391813582966893,BLVa hook 3 left
16427492,4180774,0.8400153486347736,HL; DALv23 L LAL_left
5484314,12746220,0.8401795657991079,DPLl 2 left
17165286,13046847,0.8402034102808992,DPLm ant lat 1_left
15510288,6300434,0.8402770046026796,DALcl12 L d 3 left
7941652,8198416,0.8403489858054963,broad D1 left
12809976,7280270,0.8405645890647212,A06c_a1l
2379544,10681487,0.8407565237473004,BLP12 claw 1 left
17276867,6611100,0.8407864751197851,H ; DALcm r v ant med_left
17729424,8821758,0.8410342670623598,BLVa34 small ipsi 2 left
20379247,17658602,0.841120082507414,BLP12 bilateral horseshoe 3 left
17300165,9848760,0.84200734975979,AR ; Putative MBE; CP4 1_left
19268007,13411394,0.8420412524748764,DPMm1 horseshoe 1 left
8215466,5392778,0.842326957320787,A12(A03a6c?_a1l)_t3l
9612903,17535542,0.8427240341612601,DALv contra #1 neuron 9612904 left
3048606,3009700,0.8428848615179978,Coaster (NPF) Left
7394271,8231264,0.84289573475107,choosy 1 left
11146422,19276024,0.8431249972777217,suckerfish-like 1 (left) 
16087799,2775707,0.8431596235146233,LN4;left
16961482,10403609,0.8440309086597637,DALv1 contralateral 2 left
3820148,2920554,0.8441282361299045,cpld-- downtoDN1 left
11013351,11909406,0.8445571834743887,U3 ; bilateral-2_left
16545264,5164129,0.8454683090031234,BAmv12 local neuron left
19361427,16950354,0.8455400755329506,DALd descending 3 left; LAL output neuorn_l 2?; DALd_l 5
17000062,17755491,0.846051903346247,pacman? left
8814524,17340973,0.8469169927934376,DPM long neck left
10459723,13535380,0.8469248533766668,IPC pair 2; IPC 2 left
11691603,4444354,0.8469769132808528,KC17
4391317,11826171,0.847182502148255,3rd Thermo AP - Bridge IV_left
16486385,11178891,0.8473204600093556,LH bilateral axon 4_left; BLVa12 b 4
14338439,8805777,0.8474254363245596,BLDc A00c pointer 2 left
7195651,4824878,0.847440265290128,Griddle-1 a1l
17373283,10339991,0.8476851256936146,DPMpm1 3_left
15513540,5790355,0.8480942479623778,DALcm12 fork 2 left; DALcm12 L v ap 8
9409359,3913620,0.8481349426610711,T5; offPVL09_3_large_left
16933362,4234016,0.8482201959759886,DPLal A_left
10540188,8932110,0.8488174433419914,Cheech left
16851496,16339338,0.8489317548985278,DALd LAL output neuron 1 left
11216417,8451818,0.8491409034119549,ADC1_left
12612426,2568522,0.8492450105726361,BAmd2 r Columbus of GPhN left
19051762,17913032,0.849309482241735,Death grip left (new name now correct pair)
6591182,6597872,0.8494623801092483,bilateral L
10609443,6114695,0.8499231035535695,CM4-dm Switcheroo 2 left
12670738,17847543,0.8505444596193644,PN to MBE
12868041,17340931,0.8506723423162291,JI_left
16444758,17762417,0.8512441164424257,MB2ON-205 like left
5874480,17058350,0.8512510062796433,Bridge V_left
15668309,17165711,0.8512547996162978,J ; Mid DPMpl lat  (F4 pair)_left
14319498,17942676,0.8512755956411321,LH_sibling 67 left
5963873,4101621,0.8516079819874964,AF2: PDLl2_left_sibling 35
7901791,2506050,0.8519747530118119,MBE4a left
5453333,13803032,0.8519870984176047,Projection from LH 2_left
9524538,11946903,0.8521805433944043,M1 ; Left
3931398,3793760,0.8524916743138096,Output of Munin 3 left - PAIR #1
5865628,10287315,0.852560385686334,DALv1 contralateral 3 left
14333371,2932028,0.8530302500205303,AF:uptoLN2 sibling 35_left
12782494,15585114,0.8531924185854082,SLU_left
12299621,8034919,0.8532507285338193,AV ; DPLc ant lat 1_left
16383966,7371184,0.8534544572289642,neuron 16383967 left
13258642,17071666,0.8537333436969438,A26f_a1l
17102002,1065967,0.8538457288914985,DPMl_ant_ven descending left
4326468,4881629,0.8540044570717699,MN8 (RF:SBM) LT3_a1l
12364717,11356523,0.8545962688137945,AO ; Left No branching in the lower part
12498338,3913629,0.8546888471532395,Projection from LH 1_left
8253620,18639459,0.8547744720341749,MB2IN-159 left alternative
17728605,16463097,0.8548031040896115,sneak left
14260575,16987409,0.8548066396869843,DPMpl lat 4 loSMpl_left
17016974,4022539,0.8548569050908083,MBE20 left
16935790,11359482,0.8550190891555466,CM4 contralateral 1 left; BZ ; CM4 dor pos 2 left
14313750,11889676,0.8552364440586983,E ; BAMD PN_left
17165755,13727202,0.8555559937132721,UNK contralateral descending 2 left
17360010,15638906,0.855607218244071,DPLal 3 L
11782821,3913613,0.8566487633323518,Horseshoe Bilateral Left
12667895,17425996,0.8569213147304146,Hairbrush_left 
9141404,16691937,0.8572510954777836,A ; 4th order Thermo_left
10842047,14914182,0.8574929257125442,CPa medial bilateral 1 left; SLS?_left
12156009,7020344,0.8575413135126619,handlebar-like 4 (no soma) left 
4393026,16131474,0.8575495360248283,SY: Large Fragment Missing Soma_left
17729020,15684934,0.8575919639917117,Ipsiphone lineage bilateral left
12866697,11465297,0.8580771277076312,CC ; DPLm post 1_left
13849557,6143930,0.8583950752789521,CSD left
12281339,9585013,0.8589380981662874,Another bilateral axon_35a left
14999928,4591713,0.8596219655937009,LAL bilateral coordination left
14891367,5771934,0.8598519831849267,BAmd1 d_left
11928389,13775274,0.8598602941018888,Jaam-3_a1l (HMD3 (A12 c3))
14451162,17278502,0.859894811669968,DPLl ipsilateral left
11841664,5856647,0.8603850969971902,BL 3 ; CM13 lat 2_left
8293958,3869488,0.8604841419768209,Suckerfish PN left
16562142,15894278,0.8607102631155578,UNK contralateral 3 left
16059078,4130960,0.8607285181683624,Local Crescent left
4381377,10673895,0.8607440986912316,MBE4f left
7700444,16910799,0.8607756206481707,BT ; CM13 med 5_left
4422289,11605861,0.8610664561631656,SKT_left
4379603,8307514,0.8611300404549047,DPLl i 2(BLDa b 2 pep) left
15718981,1591270,0.8614274857084046,Nag left
11193510,3930411,0.8615921180139915,Ruler Like Neuron left
15725545,15639275,0.8616404368553291,MN-L-Sens-B3-VM-09
16544485,17937123,0.8621506180571928,ASB LH Interneuron left 
8391330,5993765,0.8623882783419564,DPMl a 2 DPPT neuron left
10209260,17437719,0.8624569520919579,AE_left
10523825,17455871,0.8625949440281468,BLVp bonsai left
9109799,9074101,0.8627084021557554,MBE35 left
4379508,3794023,0.8637811814440614,Output of Hugin left
10865025,4116174,0.8638013152488124,lAL-1 (octopaminergic) left
17484564,17335266,0.8638788293937693,DPMl_ant_dor tall left
8026224,14047760,0.8640183356083787,MN10 U2_a1l
16906721,5590611,0.8641585652180931,BAmas12_dor ascending 1 left
3768025,2584838,0.8649327079201505,30a ORN left
10842099,10882750,0.865007017061861,SLQ2_left
14966092,15199884,0.8651059698412619,Drunken-6? a1l
13199414,11234536,0.8651582744414116,Headphone-2_left
12598741,15706875,0.8654985355133541,CP1 v 5; left
5769582,9753418,0.865700497480561,LH-LN2_left
11027071,3010486,0.8657255200116017,AF0: neuron left
8993049,17867309,0.8659437839671427,CZ_left
3546835,2637812,0.8663834874895417,A02n_a1l Pseudolooper-4
14073503,5669107,0.8667498831838687,L ; DALcm12 m lat 4_left
6578062,15233041,0.8668764652701819,A02b_a1l 
17732071,18909888,0.8672974274915894,DPLal medial left -FORCED
10596949,13411445,0.8676324291554632,DPMm1_2 left ipsi cross-layer CC
3157405,8752697,0.8677685917919725,AN: DPMlp Lar_left
16386470,17013169,0.8679805304411196,AL ; CP2/3d obPl 8_sibling; CP23 d 3_left
16560178,9068024,0.8681128955726654,BW ; DALcl12-v left
3622234,3420915,0.8681226228191065,SOG into Brain contralaterally left - paired with #3420915
7012280,4061049,0.8682431421244591,v'td_vnc_a5l
7055857,4241237,0.8686844965413979,MBE6 left
12871993,4884579,0.868858451368876,MBE1b left
10017944,16913476,0.8691806227000091,WI; CM4 dor ant 10 to LAL_left
8398900,1869592,0.8698519988705948,FLON;left
10875625,4067286,0.8698775378518414,SLP2_left
9445876,4102413,0.8704185784059406,LH-22 BLVa12 a 11 left
3547397,2571761,0.8708639427396198,83a ORN left
8025665,6190181,0.8708712194454463,DALcl contralateral 1 left; DALcl r vv 10 left
10728333,13557064,0.8709771471169645,MDNa_left; pair 1 left
15517247,16335254,0.8711057602558424,DALcm12 L v e 1
17732426,12989453,0.8715582957857717,DPLc ant med 1 left?
7439913,15934458,0.8720797113779393,BAlp descending 3 left
16868923,17013073,0.8724118123641527,MBE24b left
4542433,4727546,0.8724566348369684,A18b_a1l
11067379,4393049,0.8733209871076723,non-olfactory PN left
4749004,17323054,0.8734062741608272,DPLc_post_med contralateral left;A. Dorso-posterior target neuron #2 MB PN
4274518,19156025,0.8736769394191035,Brain looper left
10555409,5247102,0.8739416701143533,picky 4 left
3774568,3980315,0.874667629808952,82a ORN left
5615961,5601924,0.8746704195858609,hugin-RG left 2
16799939,15676571,0.8749337499714337,DPLp 1 left
9714476,16709072,0.8759680459544513,BAmd1 contralateral 1 left
13718916,15673454,0.8760319473564396,DALcl12 v d 2 left
9961098,4311241,0.8760510913527131,CM Contra to LAL #1; CM4 dor ant 3 to LAL left
7227010,16115575,0.8760666437535696,CM4-dm Switcheroo 4 left
11037238,7719118,0.8763014138260699,down_PVL09_PN-OLP_left
16977881,9796812,0.8763915873711461,KC90
11639192,10059655,0.8764634182655109,contra-vine 2 left
2138427,5038703,0.8766804874179538,hugin-RG left 1
10964258,17357979,0.8769400260679703,BQ_left
6791927,3790004,0.8770304281783478,67b ORN left
15608355,6252764,0.8770580193070292,BAlc post lat lat 6 AL left
20151537,12474815,0.8770791682688078,CPf contralateral 2 left
14450919,18220289,0.8771499998751702,DPLp_left
4453485,2283495,0.8772409473289406,IPC pair 4; IPC 4 left
15741865,6290724,0.8772967371346874,C ; DALcl12 L d 2_left
16629788,7786053,0.8781875380359083,KC34
16852622,16950767,0.8783702357437515,LAL output neuron DALcm left
15897280,2669844,0.8785198762853665,Horseshoe deviant left
14133114,17166682,0.8788889591248278,down_pvl09_left
5680013,17658978,0.8791486131184514,CPf descending 1 left
10581624,13564607,0.8791689723293524,DPMm1_1_left - ipsi cross-layer CC
12634154,2357110,0.8792820067580861,IPC pair 1; IPC 3 left
8349454,1591351,0.8794973170186862,GB: left
16494105,4108720,0.8797777410360198,AF9: brush left
16594752,9530532,0.879819907506899,Basal Tel-like 8 left
2611805,2582391,0.879913758883629,1a ORN left
9078240,7688300,0.8802279650945852,AW ; Left At Gap With Soma
5937084,8850802,0.8808616745263451,KC65;_42a left
5091874,9287906,0.8809430682089489,DPLm1(D CB)3_left
17353986,18604097,0.8809600533982208,DPMl_ant_ven descending 3 left
5688091,5038920,0.8809661308588267,MBE - Input of Hugin RG Candidates left 1 - paired with #5038920
3814701,9761454,0.881380286764847,densecoreneuron_left
8864778,9767705,0.8816729067836988,CPf small bilateral left
6011278,9288827,0.8816729067836989,DPLm1 contralateral 1 left
18566501,15588389,0.8822859155270861,ASB B1 left 9
17844900,18598859,0.8829386706254339,Giant-step left
5030808,10831005,0.883517943887176,keystone left
16474159,9291437,0.8837075136625231,DPMpm2 2 left
18111410,4876839,0.8837700260902497,BLAv1_3_left
11329998,13365464,0.8837969417761112,DPMm1 FB4_left
4408397,4199033,0.8842927864563362,NK_left
18551732,8161148,0.8843777296877702,DALcm12 v ap 14_left
8012953,8254894,0.8853878222628868,PN in Olfactory Bundle 2 left
8069432,8542422,0.8857322868695233,AD:BAmd1 v 3_Kathak_left
9057998,14214039,0.8861059106053758,S ; Convergence Sibling AB Left; DALcm12 L m ant lat 2_left
7057730,4017464,0.8863581610602229,DALcm12 v ap 11 left
8357933,13764822,0.8864746966800663,BT; BAmd2 ven desc lat 5_left
3729496,3762317,0.886525128825935,"Input from both Munin 3, into SOG left, PAIR #2"
16851718,9097065,0.8865892442600606,DPlal crinkled 2 left
7941642,8198513,0.8869424734299275,broad D2 left
12740290,2432564,0.8872330577286403,SEZ-IN-A01-left
17176767,17176781,0.8876458505115502,bilateral-3 L
7982896,8177199,0.8876706696733644,SP2-1;left
13197236,8075484,0.8877740563008812,M ; F6 pair_left
16937815,13411525,0.8878167324412544,DPMm1 ipsilateral sheet left
8118929,2775943,0.8878844767929202,LN3;left
17746794,18720819,0.887958885361227,UNK horseshoe 2 left
16464284,8184598,0.8881019523419856,BI ; NI_left
6723364,10198121,0.8882026163794172,BLDc fork left
16978882,14127447,0.8882992685197754,Major upstream of 4g_left
1980134,7982307,0.8886773344792728,CPf descending ipsilateral-like left
14238008,14194026,0.8888888888888888,MN ISN MN_a1l_to be completed
14514597,13986477,0.8890748908941172,I? ; Smash's forgotten ugly cousin_possible PVL005 - 3 Left_sibling
7388340,15606239,0.889256593869764,BLAl_l-X left
12233237,11528017,0.8892973991176181,AF11: ipsi PDL left
8118947,14077615,0.889400401528992,D ; Feedback neuron from nociceptive_left
7057894,6611894,0.8895373848883946,MBE1c left
17354392,15636958,0.8896505327002567,MB2IN-161 left
14617508,14680483,0.8896759049966847,GH_left
18088813,17660233,0.889758861293913,CM4 small 1 left
7058243,15478720,0.8900253017527515,DALcm12 r 11-21-13 neuron left hemisphere 3; DALcm12 L v ap 5
17165429,9513911,0.8903318673787567,MIXED small fork left
19088042,8717042,0.890647308397931,neuron 19088043 left
15770140,12049797,0.8908169347016417,neuron 15770141 left
6572414,13081886,0.8912177299607271,PVM21?_left (= Pre-goro15) (Munin PC Output (lower confidence branch))
16167914,13834125,0.8913266436882266,LX1_left
17736755,15964206,0.8918284040088784,UNK descending 2 left
7542938,3885215,0.8918456343720566,74a ORN left
17468727,4127938,0.8921118209611142,BLP34 local left
17140424,9753530,0.8925545577891612,BH ; Descending 2; CP1 v 2_left
2204467,2512602,0.8925712377558779,LN2;left
19919566,1137946,0.8928608742689207,mixed bpl terminal left
15398730,6703240,0.8928674861201664,MBE23 left
19139253,14045489,0.8929338029868726,MN15/16/17 VO46 (NB7-1? )_a1l
3504632,11988252,0.8933250005738372,A02c?_a1l 
8877971,3806573,0.8939353603501101,picky 2 left
12299647,11624548,0.8940901274522433,SLV_left
8262302,5051342,0.8943262544156547,KC21
16160495,8814922,0.8947674990738218,2+5 BLAd ant lat 1_left
7056904,17176927,0.8948148312193128,KU: DALcm12 L m ant lat 6_left
2966602,12704069,0.8950588196104559,K ; DPLam med _left
17814107,10167116,0.8958368653445696,BAla34 ventral cluster 4 left
19051631,8193545,0.8964071106751741,BLP34 interneuron X left
8078096,4514494,0.8964139794832561,BG ; Baso-anterior target neuron #2 MB PN_left
17110007,6188181,0.8964867061237595,BV ; Left DALcl12 r vv 7
13004884,15199830,0.8967811563627979,A02a- looper-1_a1l
3946364,6133702,0.8968210253649946,AF6: Munin Output left
3543931,13795090,0.8973430521403469,BAmas SOG MBE1_l (acbiliblo (left))
18149325,14757050,0.8975638766924208,DALv1 5 left
12138418,8310087,0.8977302564926405,CD ; Key_left
16630264,5836163,0.8980275080942313,KC25
16950115,6609380,0.8983072594676291,DP: DALcm12 v p 24_left
12948470,9275210,0.8991659350908695,PVL005 1 left
17360282,14754777,0.8994277401772421,DALv1_PB1_left
12225666,4327684,0.8994582367931109,mPN iACT A3 left
16851791,16340461,0.8997375112654438,DPMl12a_left
9594273,16934932,0.8997477272044465,UNK contralateral 1 left
17473163,16571210,0.8999710257376141,DPMl contralateral descending left
12551020,14756061,0.9003674787216199,DALv1_PB3_left
9072237,4201020,0.9004312966753832,DALv23 L dor pos 1 left
15568134,5973097,0.9004505831057489,Bilaterial downstream BPL-to-MB left
16089738,9641919,0.9004889236870378,S_left
11051740,7421507,0.9006429499907386,DALl1 2 left
11029359,3232277,0.9010715590050378,DL-LH_cand9 left 11029360
16444754,9072560,0.9011596840500914,ni contralateral 2 left
16931001,8709865,0.9011842610737525,BLAv12_ant descending 1 left
15680043,15680292,0.9012145250416782,BLVp12 sickle 4 left - missing dendrite
8582134,8469124,0.9013403788036736,BLDn 1 AF ;  Left Review 
8922644,8297018,0.9015247898148329,MBE16 left
11257084,7612147,0.9016787845303057,Q; CP23d med of obPl 1 Gap; CP23 d 14_left
11600886,7980189,0.901704852233836,T ; Convergence; DALcm12 m ant lat 3_left
14162492,2854715,0.9017372468883811,DPLam neuron left
11725127,4230061,0.9023532747557016,KC12
14241490,16924423,0.9023845741514527,Commissure neuron left
5291791,8199671,0.9030372032625182,picky 0 left
4985759,9291474,0.9030445047614282,AVL011 PN Right 2?
16445338,16350988,0.9035614002015595,IK; Loopy_left
15717426,8810739,0.9035624609139905,MN-L-Sens-B2-AVp-02
12745771,2914206,0.9037635026489739,DN1-1 - PDL007 left
14541927,4235139,0.9038538419847558,AVM011f left
18267838,4173633,0.9044587005252778,DALv23 LAL 5 left
12509506,16841026,0.9045476258357994,BLA ipsilateral left
12789813,16405545,0.904697620080681,Tomato Vine_left
7005145,7590264,0.9047724340165606,CP descending contralateral 2 left
15995404,15461769,0.9049228966693288,AN-L-Sens-B2-ACp-22
7939890,6557581,0.9053344031187023,broad T3 left
6446394,5462159,0.9054348582889883,PDM-DN_left
7187384,3664102,0.9055370310686698,Thermo KC B_left - mbi2 - unknown
8338584,4230749,0.9059387633617141,MBE13a left
14047130,14048287,0.9061378403443311,MN2 ISN(U3-NB7-1?)_a1l
11003660,16594509,0.9062246897810577,BJ_left
9015745,9583435,0.9062363571847513,NI? left_former:Left Mid
10317031,2504517,0.9063892061195148,CM13 horseshoe 2 left
12476851,16070049,0.9064766018293707,TR ; Down_pvl09_left
10473853,16355225,0.9065722748604786,DPMpl12 Hook 1 left
11908619,8318813,0.9065797220613474,DALcl12 v d 5 Left
7053966,4214582,0.9072100126326712,Y ; DALcm12 L m ant lat 2_left
4985759,4620453,0.9074036040110139,AVL011 PN Left
12279909,8471817,0.9075271308095795,BLAl F neuron 2 left
11195708,13968203,0.9078013460867975,KS LN 4b left
8864785,4617479,0.9078155973914417,N_left
16848587,14753815,0.9078495310368192,SLQ1_left
5870071,4144377,0.9082429289451148,DALv23 L LAL #2 counterpart left
15096548,13841523,0.9084102817781035,BLAv12_lat pointer 2 left
4433960,13806524,0.9085807342985032,NQ: BAla1/2_left
12840470,10495502,0.9089349979732264,U1: WB_DPMpl1_left
20421224,17466463,0.9093146781602173,CM13 hook 2 left
14158399,17784367,0.9093510317013241,AF12: CP23 d 1_left
16475849,16823703,0.9099181681005144,AT ; DPMpm2 1_left
10234576,19090042,0.91003151038658,CM13 hook 4 left
17729161,8313802,0.9104869237843725,BLDc descending 4 left
10527147,7573476,0.9117438653240055,CP descending contralateral 3 left
16753901,14328512,0.9117743852814879,potential MB2ON-234 16753902 left
7527710,4073353,0.9119368266168663,13a ORN left
16492104,10617840,0.9123647116648642,lowercase-h left
6494274,13986583,0.9128966409397555,LH to pseudo bridges_left
10758204,2650887,0.9132036371508946,CA ; DPMpm1 1_left
17177419,4227880,0.9132862666702315,EV_left
19611917,8138616,0.913394285469858,DN1-1 - PDL007 #2 left
11004239,8069478,0.9134673289814299,offPVL09_left (bilateral DS LH)
9239759,9034378,0.913654763383182,ni contralateral 4 left
9252296,4201555,0.9143037532213598,DALv23 L LAL dor pos 3 left
3043970,16181130,0.9143519682640305,SLO_left
4117305,16720240,0.9146416741693458,KC72
17641913,13429045,0.9147707180388162,AF4: TOH left
18538744,11362334,0.9149253935516882,DPMpl3 a 2 left
16444548,7807684,0.9151653063610481,crab-1 left
8238322,11210000,0.9152197846604718,LH bilateral axon 1_left; BLVa12 b 2
8798010,4195012,0.9152851615747792,MBE13b left
10427055,17437725,0.9157845350280267,Ouroboros left
14898816,4230739,0.9160606708374688,KC13
17359133,869360,0.9161616981272546,SEZ cup left
5675990,15688523,0.916260574092116,CPa Minnow left
15766806,13863331,0.9163909216531295,Bridge I_left
16141217,13722516,0.916469054848782,BLAv12 2 left
9423829,9057043,0.9165956741157837,BY_left
10728323,2655798,0.9166767331317687,DPMm1 ipsilateral descending left
10400440,18264509,0.9168134391794294,Fragment with soma left
3410506,3893195,0.9174815922143633,85c ORN left
4398543,17380092,0.9174975036049181,DPLl a 2 left
16445073,15481779,0.9175829375283183,offPVL09d_left; DPLc
17360038,17378483,0.9180373967002299,DPlal outer bilateral 1 left
9251793,4190567,0.9183042386769411,SJ: DALv23 L LAL dor pos 2_left
4635057,7971031,0.9184045021857394,PVL005 - 2 Left
16547297,15589738,0.9184523891557302,BAmv12 splitter 1 left
7582489,7977834,0.9185768461382837,PDL005 - 3rd-order Thermo AP (D CB)1 Left
16799809,16369928,0.91897785768574,neuron 16799810
5053417,16188942,0.9190066065484511,MBE29b? 2 left
16051878,8951591,0.9193289141911528,BLVa12 bilateral left
16627838,8413663,0.9198870363234811,KC49?
9870483,12935696,0.9200093346556658,BX 1; column of protocerebral bridge_left
9235545,17435815,0.9204712917226009,ni contralateral 1 left
12424940,5971400,0.9208083657649136,DS of Headphones left; CP23 d 6
9236708,9212816,0.9208980314900493,IO; down_oct_left
18500988,14334367,0.9210301881523824,BQ 1 ; DPMl12 ant 1_left
4433197,15668497,0.9211175337300594,DALcl12 v d 3 L
12371688,9811608,0.9217331678080101,BLVa_t bilateral left
16058860,11813287,0.9221065974156547,KC100
11018254,15480928,0.9224514453777489,G ; 4th order Thermo (Stops Halfway); DALcm12 L m ant lat 10_left
8276782,4119387,0.9226774080926694,mPN iACT A1 left
15468308,17330632,0.9226829167160314,To Complete with soma left
8070872,12422147,0.9229384999559647,UNK horseshoe 3 left; LNM_downstream_16.05
15588620,7594047,0.9232050580396226,BF ; F3 pair; CP4 2_left
16444552,16339645,0.9234511089206363,CG_left
16409132,17896997,0.9235391812494933,BLDc LH left
7025831,5782947,0.9236948048916618,DALcm12 v ap 1 left
7939979,8198317,0.9237332798504023,broad T1 left
8755914,8741619,0.923879819652173,peptidergic with docked vesicles_left
15770945,17951153,0.9244369924937785,AN-L-Sens-B1-AVa-25
4408369,16758011,0.924517950434614,Baso_left
12475432,3890028,0.9245478298535226,MBE24a left
8509534,16515871,0.9250145943774479,mPN cobra left
12479019,5560620,0.9251829722750873,BAmas12 7 d the other side left
17360254,4393350,0.9252198719910936,AB left; DALv1 L Lineage - Downstream A00c
16547281,13722900,0.9258781275862457,Lure-2 left
12300089,10827212,0.9259133702499277,S3 left; old DS noci_sibling_left
11303036,15823055,0.9260197211473489,Neuron 11303037
7338309,17352470,0.9260233008390832,DPMpl12 Brain into SEZ left
4408362,4721087,0.9261192261227704,NH; BAmd2_left -axon incomplete
12195879,20443598,0.9262221512746744,Tel-like 8 left
12398622,4103336,0.9262412085447754,"MBON-F-V8;14+4 cell body close to other relays the other side, left "
17545695,14154154,0.9265419626680701,cypress left
13852833,9457719,0.9274484311395911,CP23 d 5_left
8480221,4324898,0.927828196799286,mPN seahorse left
4394777,4829813,0.9279100919922257,A12q_a1l
6298455,6193472,0.9280778716256561,AA: DALcl12 d_left
9503428,10343101,0.9286907553953927,CM4 dor pos 10 left
17176911,4575178,0.9296028389105021,CH ; BAmd1 lineage_left
2369444,10119916,0.9300679150064809,Z: contra_left 
14000746,16699958,0.9301814935383119,U ; Convergence Sibling; DALcm12 m ant lat 12_left
8810141,12422355,0.9301861847048217,CM13 horseshoe 1 left
8111135,7555968,0.9303509011787507,nc1;left
17813457,17083341,0.9306131334303909,neuron 17813458 left
9965610,8132513,0.9306718541382271,BX ; CM4 dor pos 1_left
13714311,8710444,0.9313323427029888,BLAv1_2_left
1042538,1690576,0.9313777049135457,A00c_a6l
18035864,4411688,0.9317042561438796,neuron 18035865 left
15525794,9069084,0.9319805885506616,DALcl contralateral 2 left; DALcl r vv 2 left
2612527,4391978,0.9320252980853045,mPN iACT C2 left
10223572,10398171,0.9322630525792894,A27h_a1l
9062992,8792477,0.9325707593092406,BL1 ; CM13 lat 1_left
9064208,5934511,0.9326388204671922,BL ; CM13 med 4_left
17360296,14757992,0.932717671868199,DALv1_PB4_left
18597845,15553218,0.9328373948302118,DALcm12 horseshoe left; DALcm12 L m ant med 15
17306107,6111289,0.9328688418575275,CM4 contralateral 2 left
3928574,5890323,0.9346811944012766,CA-LP-2_left2
15539984,8271875,0.9352081280356032,PT ; DALcm12 m ant med 14_left
16007457,8840343,0.935426398439528,BLA pointer left
8037197,17822238,0.9358705141557011,AG:DL-LH_cand7_left; BLVa12 a 2
15629759,2659504,0.9359292239328091,CM4-dm horseshoe 1 left
16937395,9519425,0.9367549868708832,UNK brancher 1 left
16848475,17980792,0.9371083486938212,Exclusive to 24; CP4 5 -left
14540633,4473922,0.9376312668517477,B ; DALcm12 m ant lat 5_left
3716797,3963891,0.9379709262576201,45a ORN left
7335439,5500958,0.9382482601791237,Coaster (NPF) 2 left
2438653,10627239,0.9383378596072257,MB2IN-162 left; PDLr
14085813,14047554,0.9386368292786509,MN9 U1_a1l
3050645,15639548,0.9390096540689996,MN-L-Sens-B3-VM-14
3450442,4700078,0.9390343390259136,mPN iACT B2 left
10682660,16856539,0.9391172695773676,BL4_left
2379529,3815483,0.9394138718972238,PVL2 left
10248031,17380319,0.9398822076509877,CM13 bilateral 4 left
5745929,16617920,0.9403615866346748,BR ; Left posterior contralateral
8801715,19092010,0.9415877448614236,From Visual to CPM? left
14319185,8565131,0.9417039288557248,Nest_left
19881737,2505266,0.9426479189556487,CP contralateral left
15714330,15638742,0.9428090415820632,MN-L-Sens-B1-VM-03
16795838,16795524,0.9432365003113858,mPN iACT bilateral UPPER left
2628785,4311586,0.9433658545832719,AE:BAmd2 r bilateral_left
4983938,12336493,0.9435706024541872,Columbus of GPhN left
6451332,3538129,0.9436358905389626,mPN D left
17356442,16443509,0.9437800485460995,valentine neuron left
4260935,3756659,0.9440940329269388,PN Only Connects To Togethers Left
10918898,4228105,0.9442975884438866,ML_left
15253921,4598109,0.9446224429306608,MBE34 left
18566361,16471422,0.9451864519974741,BS ; Left
17434825,16485079,0.9452301749849413,LH bilateral axon 2 MB_left; BLVa12 b 3
12360656,17819985,0.945829215631146,Gust PN to LH left
16444544,8981761,0.9461830976652128,DPLc_post_med-2_left
10543751,11464638,0.9464703105428951,DPMpl lat 7_left
8801736,6049565,0.9465247762431939,Stirrups left
14333495,13858797,0.94657067099343,Oval 42a_left
16433696,19132527,0.9471883008237392,BLAl_I-X 2 left
9408003,6061068,0.9472823506783569,AF1 left
8095967,18120415,0.9476047940845701,Jaam-4 (HMD IV A12X)_a1l
5261424,4679139,0.948183413527291,mPN iACT A2 left
15063529,17326213,0.948840144095737,BLVa ascending 1-like left
8974428,9294475,0.9489201652612101,R ; DALcm1/2 neuron hemisphere 4_left
3592997,3865952,0.9489619979968011,24a ORN left
8311264,8198238,0.9489729804832893,broad T2 left
16635345,5859372,0.9490380865330769,CM13 bilateral 1 left
4721538,8069365,0.9501439743898281,QI; visual interneuron_left
9792178,2920061,0.9502016938254887,DPLc_ant_lat bilateral left
17729973,10870424,0.9503310406090417,CPd contralateral 1 left
16886842,10784285,0.9511616372962147,DALcl12 r vv 3
12252572,16651566,0.9523809523809523,BLAv12 hook 1 left
4926999,21664445,0.9541322158092833,3rd-order Thermo left; (possible PVL005 )
11986594,6218461,0.9545118057466225,I of GPhN left (ipsilateral PN to LH)
15421363,3299214,0.9549756685757259,MBE2a left
8102935,7600311,0.9553143546494622,picky 1 left
9237734,15800115,0.9558892365772276,BS: ni left
18062678,7065182,0.9560810004100683,F ; Convergence Sibling-2_left; DALcm12 m ant lat 11_left
15592096,16240569,0.9564699898939855,MBE4g left
15512408,4917442,0.956906834864362,DALcm12 L v ap 7
3465659,3840345,0.9572718535014718,35a ORN left
12293334,13405613,0.9582207951884745,inner bridge 1 left
3712893,11543212,0.9593521444653376,mPN iACT bilateral LOWER left
7802210,16797672,0.9593652180673773,MBE5a left
17383431,9532295,0.9594214400926625,BAlp_ant ascending dendrite left
11197975,7692008,0.9595087510310298,CPb brush left
15612283,8912726,0.959983258459293,BK: DALcl12 v d 19_left
17237305,14948339,0.9608397348206625,IT_left
4874953,5469039,0.9610759374065222,Capa right
3410499,2608843,0.9611516463652034,42b ORN left
5681132,7574701,0.9616629910068365,DE: CPe 1_left
10240382,5895651,0.9622104066972486,CM13 hook 3 left
17360034,17378455,0.9622504486493764,DPlal Small 2 left
14642308,7076835,0.9622504486493765,ldaB class III a1l
8274021,11051276,0.9624807299120964,picky 3 left
7557604,3276003,0.9626184284780495,L1: Short-presynapticD-3-L
15576292,17384874,0.9635888999948928,CPd bilateral 1 left
11389855,16484888,0.9640367310380238,SKY_left
16950121,4849988,0.9642891755098605,WF; DALcm12 v p 13_left
17360262,14758420,0.964390129199552,DALv1_PB2_left
14949489,16322359,0.9647638212377322,desD_a1l
11934107,3844961,0.9648158954728178,I1 left (ipsilat PN to bilateral LH)
11853038,12842593,0.9649311947445438,BAmas SOG MBE2_l left
17177005,8019816,0.9652280590395353,BL 2 : Left
15716094,15589362,0.9656157585206699,MN-L-Sens-B2-ACp-05
15825861,10944822,0.9658614845656082,bridge-like left
9983417,17658884,0.965895038622806,CPb pointer 2 left
4409374,4234559,0.9660400275097945,CM13 lat 3_left
12839441,17125520,0.96631212287458,LH bilateral axon 5_left
17777981,16685117,0.9663357346231831,SLR_left
11333054,17884299,0.9664112837061757,Gustatory PN left
9747418,4127707,0.9670031615411417,PPLV - 2 Left (maybe PVL014c)
10382686,16100103,0.9677631437094132,MS: CM4 bc 2 ant lat left
17776906,4101295,0.9678542859098082,AF8: PDL_left_sibling
19785305,9094797,0.9680762475675131,UNK brancher 5 left
11003707,17525174,0.9682316735028059,DL-LH_cand6_sibling left; BLVa12 a 7
8118474,4229950,0.9689551287690931,Thermo KC A_Left   -   Mushroom Body  Right
9384504,5935744,0.9691958428229801,CM4 l MEF comm; CM4 dor ant 9 to LAL left
13422280,7589765,0.9705038608915493,CP descending contralateral 1 left
3464773,3827211,0.9708999882454884,42a ORN left
3709977,13789482,0.971284037804984,backwards handlebar left (looks like 35a)
16544712,5730322,0.9712858623572643,BAmv12 fork left)
4289745,16314353,0.9718712514982755,putative peptidergic SN motor neuron a1l posterior dendrite
17732346,17378648,0.9721549770668791,DPMl12_post descending left
8704079,16735586,0.9728571137702947,mPN iACT B3 left
9207332,8305958,0.9733687117230277,like thermo AP left
7934904,7935088,0.9735681622895009,35a PN bilateral left
15997929,18620885,0.9761870601839528,AN-L-Sens-B2-ACp-23
5764924,10947427,0.9765926070984486,Telegoro-like 2 L
7845346,8245513,0.9767194316199996,63a PN left
15524629,15736398,0.977315666134532,BK1;DALcl12 v d 20_left
9421292,5507096,0.9793267563546955,Ashley Left **forced AXON connection at gap**
16547292,15732497,0.979524961490897,BAmv12_dor loop left
3991518,9747710,0.9799950980585485,Handlebar PN (CB on left)
7515491,11279244,0.9802318344905824,49a PN left
8877795,3805641,0.9806428431212558,ventral LN left
7198338,8245869,0.9811147645492649,24a PN left
7865652,8248631,0.9814251333734447,22c PN left
4154421,3690921,0.9814337078644751,Lower Looping PN Left - AVM004
7694589,8271034,0.9816683435558565,LONI;left
7852250,8247451,0.9825332040196227,45a PN left
17732076,17378475,0.9834450564746755,DPlal Small 3 left
4108016,3002410,0.9838997352522346,Upper Looping PN Left - AVM004
4354933,14604028,0.9842451314323754,85c PN left
5322337,6219781,0.9845816017150537,Maxillary Nerve LN 2 left
2610744,3985829,0.9846562966837056,AN-L-Sens-B3-ACal-05 (Non-ORN 1)
2284021,2456826,0.986740871822807,AN-L-Sens-B1-ACa-01
3511996,3958234,0.9880817751063047,94a & 94b ORN left
7873135,8245692,0.9885630298030021,42b PN left
8399890,4651929,0.9885644713119563,94a & 94b PN left
7851153,8245146,0.988922002657359,82a PN left
16259595,8246081,0.9896058822812782,67b PN left
3486381,8244723,0.9901677425841943,42a PN left
7864823,8245014,0.9921522590190037,59a PN left
7107433,8253413,0.9932988140355993,45b PN left
7865767,8243455,0.9935889652711423,83a PN left
5090549,3813723,0.9939172966211802,45b ORN left
6340439,4076389,0.9939565250051415,59a ORN left
11207386,10891221,0.9941348467724344,VLEL6?_a1l
3771794,7658146,0.994518773938732,49a ORN left
7843730,8140109,0.9951668238173981,74a PN left
7092417,8246750,0.9956875382360223,47a & 33b PN left
4493199,8244823,0.9960091691652353,13a PN left
7092086,4876704,0.9967338239105082,PN in Olfactory Bundle 1 left
12882387,7563413,0.9976688084020333,Maxillary Nerve LN 1 left
11821320,6220384,0.9978202993384085,KS LN 3a left
8021456,13589251,0.9982245531517597,33a PN left
3926904,7529574,0.9982743731749959,ITP candidate pair 2 left; ITP candidate 2 left
7916593,8256186,0.9983323618770514,30a PN left
7865696,8252067,0.9995288669836195,1a PN left
3054101,3199456,1.0,MN-L-Sens-B3-ACp-04
5327961,11184236,1.0,KS LN 3b left
1395971,15574231,1.0,AN-L-Sens-B1-ACa-11
13744425,2340336,1.0,AN-L-Sens-B1-ACa-02
16288872,15639171,1.0,MN-L-Sens-B3-ACp-02
15723727,15641926,1.0,MN-L-Sens-B3-ACp-01
15698623,15594123,1.0,MN-L-Sens-B1-VM-02
3708875,3872653,1.0,33a ORN left
19017854,19037563,1.0,v'td_vnc_a4l
7792781,2777891,1.0,vdaD a1l class III md
14726012,9091922,1.0,UNK brancher 4 left - missing dendrite
15998100,15458316,1.0,AN-L-Sens-B2-ACp-13
1367171,15559195,,AN-L-Sens-B1-ACa-04
1377586,15562137,,AN-L-Sens-B1-ACa-07
1391179,15573381,,AN-L-Sens-B1-ACa-15
1392771,15563553,,AN-L-Sens-B1-ACa-06
1398253,15574199,,AN-L-Sens-B1-ACa-05
1400725,15561413,,AN-L-Sens-B1-ACa-12
1406463,15573450,,AN-L-Sens-B1-ACa-14
1427012,15547732,,AN-L-Sens-B1-AVa-32
1429969,15543068,,AN-L-Sens-B1-AVa-20
1431256,9716858,,AN-L-Sens-B1-AVa-27
1706716,15541976,,AN-L-Sens-B2-ACp-19
1709802,15532105,,AN-L-Sens-B2-AVa-24 (PPS mechano)
3036249,15672957,,MN-L-Sens-B3-VM-12
3267019,15612241,,MN-L-Sens-B2-VM-19
3586984,3966683,,AN-L-Sens-B3-ACal-07 (upstream of Multig. Olfactory PN 3) 
3608397,3650600,,AN-L-Sens-B3-ACal-01 (temp sensing left neuron alone)
3609202,3487306,,AN-L-Sens-B3-ACal-03 (temp sensing left neuron together 1)
3639968,18630153,,AN-L-Sens-B3-ACal-02 (temp sensing left neuron together 2)
3882998,11261332,,CP contra to SEZ left; MB1: incomplete neuron with soma
4280992,17346787,,v'esA or v'esB or v'es2[1][2] or unk es?_a1l (pair 5)
4363883,5382876,,v'td_a3l (Abdominal Sensory)
4637677,17913185,,PPLV-1 left
5057916,16115501,,AN-L-Sens-B3-VM-11
5093516,4023881,,AN-L-Sens-B3-ACal-04 (Non-ORN 2)
5095269,4030526,,AN-L-Sens-B3-VM-14
5116147,4017089,,AN-L-Sens-B3-ACal-06 (degraded alone temperature partner neuron)
5116861,4059758,,AN-L-Sens-B3-VM-15
5120097,4096703,,AN-L-Sens-B3-VM-12
5120990,4044654,,AN-L-Sens-B3-VM-13
7439909,15531033,,AN-L-Sens-B2-ACp-03
7556564,15640893,,MN-L-Sens-B3-ACp-03
7772437,12140587,,lesA_a1l
7783303,4094905,,v'esA or v'esB or v'es2[1][2]_a1l (pair 3)
7783764,10053734,,vdaC_a1l (class II)
8419064,14493979,,vbd_a1l_
9838294,15586536,,AN-L-Sens-B1-ACa-13
10017661,11460897,,CM4-dm Tiny 3 left
10017931,6978516,,CM4-dm Tiny 2 left
10018161,17379360,,PVM21-like 1 left
10492185,13124815,,vdaA_a1l (class II)
11192283,6254216,,BAlc post lat lat #4 ALT neuron left
11671564,15522777,,AN-L-Sens-B2-ACp-21
12367135,16666673,,BLVa_t hook 3 left
12469990,10104463,,ddaB_a1l (class II)
12960079,15551560,,dmd1_a1l_JMpair3
12960217,6280151,,ddaD_a1l (class I)
13671419,6195521,,dbd_a1l
14238231,14198375,,ISN MN_a1l L only
14659793,6651098,,DALcl12 v d 6 left
15524852,9060993,,DALcl12 v d 8 L
15590761,15409328,,AN-L-Sens-B2-ACp-07
15632371,15673715,,DALcl12 v d 7 L
15674083,15611791,,MN-L-Sens-B2-VM-02
15677323,15653288,,MN-L-Sens-B2-ACp-18
15678441,15611642,,MN-L-Sens-B2-VM-09
15678849,15618976,,MN-L-Sens-B2-VM-12
15679484,15610387,,MN-L-Sens-B2-VM-08
15680093,10934438,,MN-L-Sens-B2-ACp-19
15680710,15629355,,MN-L-Sens-B2-VM-03
15681740,15589411,,MN-L-Sens-B2-ACp-21
15688358,15588800,,MN-L-Sens-B2-ACp-20
15689373,15588691,,MN-L-Sens-B2-ACp-12
15690711,15762568,,MN-L-Sens-B2-VM-14
15690955,15617459,,MN-L-Sens-B2-VM-06
15711222,15607180,,MN-L-Sens-B2-VM-07
15711289,18679889,,MN-L-Sens-B2-VM-16
15713206,15629888,,MN-L-Sens-B2-VM-18
15713374,15620432,,MN-L-Sens-B2-VM-17
15714845,15615475,,MN-L-Sens-B2-VM-10
15715151,15653927,,MN-L-Sens-B2-VM-01
15715643,16341399,,MN-L-Sens-B2-ACp-04
15715796,15606918,,MN-L-Sens-B2-VM-04
15716127,3071301,,MN-L-Sens-B2-ACp-13
15716309,15736147,,MN-L-Sens-B2-ACp-03
15717229,15629241,,MN-L-Sens-B2-VM-15
15717736,15639020,,MN-L-Sens-B3-ACp-05
15717935,3123905,,MN-L-Sens-B3-ACpl-07
15718275,15645825,,MN-L-Sens-B3-ACp-06 (J Neuron)
15725673,18785124,,MN-L-Sens-B3-VM-07
15727304,15672153,,MN-L-Sens-B3-VM-04
15730680,15618756,,MN-L-Sens-B2-VM-20
15769419,15548107,,AN-L-Sens-B1-ACa-08
15770032,3556191,,AN-L-Sens-B1-ACa-03
15938337,15595607,,MN-L-Sens-B2-ACp-08
15982306,15569561,,AN-L-Sens-B1-AVa-28
15983156,16442344,,AN-L-Sens-B1-AVa-39
15983225,15587166,,AN-L-Sens-B1-AVa-34
15984231,15567466,,AN-L-Sens-B1-AVa-35
15984797,15564661,,AN-L-Sens-B1-AVa-23
15994926,15576194,,AN-L-Sens-B1-AVa-36
15995327,15748726,,AN-L-Sens-B1-AVa-37
15995929,15506094,,AN-L-Sens-B2-ACp-20
15996160,15533421,,AN-L-Sens-B2-AVp-03
15996271,15505837,,AN-L-Sens-B2-VM-06
15996518,3795498,,AN-L-Sens-B2-ACp-11
15997666,15508735,,AN-L-Sens-B2-ACp-01
15997692,15507888,,AN-L-Sens-B2-ACp-18
15997807,15398807,,AN-L-Sens-B2-ACp-16
15997983,15434200,,AN-L-Sens-B2-ACp-06
15998218,16341966,,AN-L-Sens-B2-ACp-08
15998261,15451084,,AN-L-Sens-B2-ACp-15
15998319,15594038,,AN-L-Sens-B2-VM-05
15998469,16341507,,AN-L-Sens-B2-ACp-05
15998753,3192952,,AN-L-Sens-B2-AVa-25 (PPS mechano)
15998768,15525858,,AN-L-Sens-B2-ACp-09
15998782,15531916,,AN-L-Sens-B2-ACp-04
15998817,15530882,,AN-L-Sens-B2-ACp-12
15998913,15508475,,AN-L-Sens-B2-VM-04
16068602,7636333,,v'esA or v'esB or v'es2[1][2]_a1l (pair 2)
16229844,16312904,,ddaE_a1l (class I)
16232990,10515937,,vpda_a1l (class I)
16311502,7633929,,v'esA or v'esB or v'es2[1][2]_a1l (pair 1)
16311520,7636004,,v'pda a1l (class III)
16311532,12529994,,vesC_a1l_
16311589,15518548,,ddaF a1l class III md
16693923,17654967,,BLP12 hook 1 left
16950321,4127911,,BLP34 hook 1 left
17380936,15542354,,AN-L-Sens-B1-AVa-33
17728632,17327188,,BAlc post ascending 1 left
17729418,5523203,,BLVa34 young left
18568094,17941609,,DALv1 small left
19120772,891237,,v'td_vnc_a7l
19180425,15609427,,MN-L-Sens-B2-VM-24
19835787,17380309,,UNK posterior hook left
